Player1,Player2,Round,Result,FNL.1,FNL.2,FSP.1,FSW.1,SSP.1,SSW.1,ACE.1,DBF.1,WNR.1,UFE.1,BPC.1,BPW.1,NPA.1,NPW.1,TPW.1,ST1.1,ST2.1,ST3.1,ST4.1,ST5.1,FSP.2,FSW.2,SSP.2,SSW.2,ACE.2,DBF.2,WNR.2,UFE.2,BPC.2,BPW.2,NPA.2,NPW.2,TPW.2,ST1.2,ST2.2,ST3.2,ST4.2,ST5.2,Gender
Lukas Lacko,Novak Djokovic,1,0,0,3,61,35,39,18,5,1,17,29,1,3,8,11,70,3,6,1,NA,NA,68,45,32,17,10,0,40,30,4,8,8,9,101,6,7,6,NA,NA,0
Leonardo Mayer,Albert Montanes,1,1,3,0,61,31,39,13,13,1,13,1,7,14,,,80,6,6,6,NA,NA,60,23,40,9,1,4,1,4,0,0,,,42,1,3,1,NA,NA,0
Marcos Baghdatis,Denis Istomin,1,0,0,3,52,53,48,20,8,4,37,50,1,9,16,23,106,4,5,4,NA,NA,77,57,23,15,9,1,41,41,4,13,12,16,126,6,7,6,NA,NA,0
Dmitry Tursunov,Michael Russell,1,1,3,0,53,39,47,24,8,6,8,6,6,9,,,104,6,6,6,NA,NA,50,24,50,19,1,8,1,8,1,7,,,79,2,2,3,NA,NA,0
Juan Monaco,Ernests Gulbis,1,0,1,3,76,63,24,12,0,4,16,35,3,12,9,13,128,6,4,6,2,NA,53,59,47,32,17,11,59,79,3,5,16,28,127,1,6,7,6,NA,0
Santiago Giraldo,Sam Querrey,1,0,1,3,65,51,35,22,9,3,35,41,2,7,6,12,108,3,2,6,6,NA,63,60,37,22,24,4,47,45,4,7,14,17,122,6,6,3,7,NA,0
Dudi Sela,Jarkko Nieminen,1,0,2,3,68,73,32,24,5,3,41,50,9,17,14,30,173,6,6,7,3,3,60,66,40,34,2,6,57,72,10,17,25,36,173,3,7,6,6,6,0
Fabio Fognini,Alex Bogomolov Jr.,1,1,2,0,47,18,53,15,3,4,21,31,6,20,6,9,78,6,6,NA,NA,NA,54,26,46,13,0,11,11,46,2,6,8,12,61,3,2,NA,NA,NA,0
David Guez,Richard Gasquet,1,0,0,3,64,26,36,12,3,,20,39,3,7,5,14,67,5,4,1,NA,NA,67,42,33,14,12,,32,20,7,10,8,11,94,7,6,6,NA,NA,0
Nikolay Davydenko,Lukasz Kubot,1,1,3,2,77,76,23,11,6,4,6,4,7,24,,,162,3,6,3,6,6,60,68,40,25,8,12,8,12,6,14,,,141,6,3,6,3,4,0
Pablo Carreno Busta,Julien Benneteau,1,0,2,3,53,46,47,35,7,7,47,58,4,5,19,33,126,3,6,6,1,2,66,62,34,24,16,4,49,46,7,19,30,43,152,6,3,4,6,6,0
Tommy Robredo,Lukas Rosol,1,1,3,2,57,62,43,43,13,0,50,38,6,18,15,19,177,6,6,3,7,8,51,72,49,41,11,12,82,96,3,7,28,44,152,1,7,6,6,6,0
Samuel Groth,Vasek Pospisil,1,0,0,3,65,40,35,17,16,4,35,25,0,2,20,43,74,4,3,4,NA,NA,67,45,33,13,6,4,31,17,4,10,6,10,94,6,6,6,NA,NA,0
Nicolas Mahut,Matthew Ebden,1,0,2,3,64,63,36,23,7,4,49,57,6,15,24,46,137,3,5,6,6,3,67,58,33,23,7,7,45,55,6,12,28,37,131,6,7,4,0,6,0
Alejandro Falla,Mikhail Kukushkin,1,1,3,1,60,50,40,23,4,2,4,2,10,28,,,151,6,6,6,6,NA,55,55,45,23,2,3,2,3,4,14,,,128,7,2,2,3,NA,0
Stanislas Wawrinka,Andrey Golubev,1,1,2,0,63,20,37,6,4,1,23,11,4,9,13,14,54,6,4,NA,NA,NA,64,18,36,10,0,0,8,15,1,2,6,12,37,4,1,NA,NA,NA,0
Alejandro Gonzalez,David Ferrer,1,0,0,3,68,34,32,7,2,4,22,41,5,7,11,21,75,3,4,4,NA,NA,53,28,47,21,2,6,33,30,8,12,18,22,96,6,6,6,NA,NA,0
Steve Johnson,Adrian Mannarino,1,0,2,3,53,50,47,28,21,12,21,12,4,6,,,129,6,3,0,7,4,58,52,42,37,3,3,3,3,7,11,,,142,3,6,6,5,6,0
Ricardas Berankis,Alexandr Dolgopolov,1,0,0,3,50,39,50,26,10,3,28,38,1,3,17,31,91,5,5,2,NA,NA,58,42,42,23,7,4,37,31,5,16,12,12,114,7,7,6,NA,NA,0
Jeremy Chardy,Jesse Huta Galung,1,1,3,0,66,46,34,16,9,2,31,27,4,9,12,13,94,6,6,6,NA,NA,57,41,43,13,9,7,30,33,0,5,14,17,80,2,4,4,NA,NA,0
Jordan Thompson,Jerzy Janowicz,1,0,2,3,60,58,40,21,13,8,40,36,3,10,18,28,140,6,6,4,2,1,64,74,36,27,18,11,62,64,5,9,31,46,153,1,4,6,6,6,0
Albert Ramos,Pablo Andujar,1,0,0,3,61,32,39,10,2,3,2,3,3,7,,,77,4,2,4,NA,NA,73,40,27,15,2,1,2,1,7,12,,,97,6,6,6,NA,NA,0
Florian Mayer,Denis Kudla,1,1,3,0,58,36,42,22,6,1,25,23,5,11,11,14,101,6,6,6,NA,NA,59,35,41,18,1,2,31,45,1,3,12,20,78,4,2,4,NA,NA,0
Mikhail Youzhny,Jan-Lennard Struff,1,1,3,0,69,39,31,17,5,2,11,30,7,9,5,8,95,6,6,6,NA,NA,49,24,51,12,2,8,20,61,2,5,15,22,66,1,4,2,NA,NA,0
Guillermo Garcia-Lopez,Tommy Haas,1,1,2,0,58,27,42,11,7,3,19,9,4,4,3,5,65,7,5,NA,NA,NA,52,22,48,11,4,7,18,35,1,2,10,10,55,5,2,NA,NA,NA,0
Carlos Berlocq,Edouard Roger-Vasselin,1,0,1,3,57,49,43,32,9,4,9,4,4,13,,,150,4,6,7,2,NA,65,67,35,32,6,6,6,6,7,16,,,163,6,7,6,6,NA,0
Dominic Thiem,Joao Sousa,1,1,3,1,55,60,45,31,20,3,20,3,5,12,,,148,5,6,6,7,NA,65,57,35,30,8,0,8,0,3,8,,,133,7,4,3,6,NA,0
Kevin Anderson,Jiri Vesely,1,1,3,2,63,76,37,28,21,9,21,9,3,14,,,154,2,6,6,6,6,57,69,43,43,16,10,16,10,2,6,,,154,6,7,4,4,4,0
Ivo Karlovic,Ivan Dodig,1,0,0,3,66,55,34,18,25,1,48,27,1,3,24,50,93,6,3,6,NA,NA,83,68,17,12,8,2,41,7,2,3,24,35,108,7,6,7,NA,NA,0
Jan Hajek,Damir Dzumhur,1,0,0,3,73,31,27,6,2,6,2,6,1,2,,,55,4,2,1,NA,NA,53,31,47,19,4,3,4,3,7,12,,,95,6,6,6,NA,NA,0
Di Wu,Kenny De Schepper,1,0,0,3,60,46,40,29,3,5,33,36,2,13,23,35,125,5,5,6,NA,NA,62,63,38,20,19,13,58,66,4,11,29,44,134,7,7,7,NA,NA,0
Tomas Berdych,Aleksandr Nedovyesov,1,1,3,0,66,39,34,19,9,0,35,17,4,14,13,23,97,6,6,6,NA,NA,61,37,39,17,8,2,22,37,0,2,11,16,67,3,4,3,NA,NA,0
James Duckworth,Roger Federer,1,0,0,3,52,36,48,19,13,3,34,38,0,1,19,34,74,4,4,2,NA,NA,58,40,42,19,11,5,30,17,4,17,18,22,96,6,6,6,NA,NA,0
Radek Stepanek,Blaz Kavcic,1,0,2,2,51,37,49,29,5,11,51,54,4,11,22,32,104,7,6,1,0,NA,63,43,37,22,10,6,41,27,6,14,6,15,121,6,4,6,2,NA,0
Teymuraz Gabashvili,Sergiy Stakhovsky,1,1,3,1,58,49,42,24,5,4,5,4,9,17,,,133,6,6,6,6,NA,55,50,45,21,14,8,14,8,3,6,,,112,7,4,2,0,NA,0
Fernando Verdasco,Ze Zhang,1,1,3,1,61,59,39,24,20,6,44,40,5,14,7,11,125,5,6,6,6,NA,58,44,42,25,7,6,20,48,1,5,10,17,101,7,3,2,3,NA,0
Daniel Brands,Gilles Simon,1,0,2,3,63,109,37,36,41,4,111,81,2,25,29,44,231,7,4,6,3,1,56,114,44,57,32,18,75,53,4,10,37,55,230,6,6,3,6,1,0
Marin Cilic,Marcel Granollers,1,1,3,2,58,57,42,30,22,4,63,53,5,8,21,31,145,4,4,6,6,6,61,64,39,27,13,4,41,34,2,3,20,29,124,6,6,3,3,2,0
Thomaz Bellucci,Julian Reister,1,1,2,1,53,39,47,24,8,6,33,37,4,7,18,22,98,4,6,7,NA,NA,60,41,40,16,4,9,21,36,4,8,8,19,93,6,3,6,NA,NA,0
Jo-Wilfried Tsonga,Filippo Volandri,1,1,3,0,62,37,38,23,15,1,36,25,5,13,12,15,104,7,6,6,NA,NA,57,35,43,20,2,6,28,39,1,2,20,31,77,5,3,3,NA,NA,0
Martin Klizan,John Isner,1,1,2,0,54,25,46,21,9,2,27,10,2,5,1,3,71,6,7,NA,NA,NA,78,36,22,6,10,0,23,23,0,3,5,10,52,2,6,NA,NA,NA,0
Blaz Rola,Federico Delbonis,1,1,3,0,68,57,32,13,6,8,6,8,4,9,,,108,6,6,7,NA,NA,63,38,37,16,4,1,4,1,0,8,,,86,4,2,5,NA,NA,0
Michal Przysiezny,Horacio Zeballos,1,1,3,0,69,48,31,17,15,0,15,0,5,8,,,104,6,7,7,NA,NA,60,43,40,18,11,4,11,4,2,4,,,85,3,6,5,NA,NA,0
Stephane Robert,Aljaz Bedene,1,1,3,0,46,25,54,21,4,2,22,22,9,17,11,12,104,7,6,6,NA,NA,54,40,46,9,16,11,28,52,4,5,6,10,74,6,3,0,NA,NA,0
Somdev Devvarman,Feliciano Lopez,1,0,0,3,52,34,48,28,6,1,6,1,2,7,,,89,4,4,6,NA,NA,65,50,35,18,12,2,12,2,4,7,,,110,6,6,7,NA,NA,0
Michael Berrer,Michael Llodra,1,1,3,0,63,39,37,19,9,6,9,6,5,12,,,95,6,7,6,NA,NA,72,47,28,12,10,5,10,5,0,2,,,74,4,5,1,NA,NA,0
Vincent Millot,Wayne Odesnik,1,1,3,2,57,63,43,34,18,9,54,68,11,26,8,11,173,7,4,6,6,6,67,67,33,22,11,2,39,73,7,20,10,17,158,5,6,7,1,3,0
Andy Murray,Go Soeda,1,1,3,0,69,33,31,11,12,2,32,13,7,13,4,5,84,6,6,6,NA,NA,61,28,39,6,6,3,23,33,0,0,11,16,49,1,1,3,NA,NA,0
Rhyne Williams,Juan Martin Del Potro,1,0,1,3,57,52,43,25,29,1,55,39,1,2,12,18,107,7,3,4,4,NA,64,62,36,23,16,3,46,29,4,8,21,28,122,6,6,6,6,NA,0
Roberto Bautista Agut,Tim Smyczek,1,1,3,0,82,37,18,7,1,1,1,1,8,18,,,95,6,6,6,NA,NA,61,28,39,10,8,5,8,5,1,2,,,55,2,1,1,NA,NA,0
Nick Kyrgios,Benjamin Becker,1,1,3,1,54,60,46,25,34,13,71,52,6,8,5,8,133,6,6,6,7,NA,53,45,47,31,12,5,38,36,3,7,6,6,114,3,7,2,6,NA,0
Benoit Paire,Frank Dancevic,1,1,3,0,57,54,43,22,24,6,58,25,3,12,22,35,117,7,6,6,NA,NA,59,47,41,20,12,3,36,14,1,4,15,32,97,6,3,4,NA,NA,0
Bradley Klahn,Grigor Dimitrov,1,0,1,3,58,54,42,28,10,9,10,9,0,0,,,105,7,4,4,3,NA,57,55,43,30,14,4,14,4,4,8,,,133,6,6,6,6,NA,0
Jimmy Wang,Yen-Hsun Lu,1,0,0,3,63,32,37,12,1,3,1,3,3,7,,,76,3,2,1,NA,NA,62,33,38,11,9,5,9,5,9,19,,,101,6,6,6,NA,NA,0
Peter Gojowczyk,Victor Hanescu,1,0,0,3,55,44,45,22,8,6,36,59,1,6,5,7,103,6,6,3,NA,NA,66,60,34,23,9,4,24,34,2,6,10,12,121,7,7,6,NA,NA,0
Milos Raonic,Daniel Gimeno-Traver,1,1,3,1,64,56,36,17,21,7,48,29,7,20,21,30,127,7,6,4,6,NA,56,43,44,25,5,5,22,33,3,6,8,12,96,6,1,6,2,NA,0
Marinko Matosevic,Kei Nishikori,1,0,2,3,61,69,39,29,14,9,46,63,3,9,16,30,147,3,7,2,6,2,66,68,34,25,6,6,44,50,7,15,11,16,167,6,5,6,4,6,0
Dusan Lajovic,Lucas Pouille,1,1,3,1,61,53,39,30,7,7,28,57,5,10,8,17,141,6,7,4,6,NA,61,55,39,22,2,10,41,88,4,8,23,39,126,4,6,6,3,NA,0
Robin Haase,Donald Young,1,0,1,3,67,56,33,18,11,6,38,56,1,4,13,15,106,7,6,2,0,NA,73,58,27,16,0,5,34,33,2,7,29,40,124,6,7,6,1,NA,0
Andreas Seppi,Lleyton Hewitt,1,1,3,2,59,72,41,40,17,5,67,59,7,18,8,11,175,7,6,5,5,7,51,76,49,38,23,5,54,61,7,13,23,40,178,6,3,7,7,5,0
Ryan Harrison,Gael Monfils,1,0,0,3,62,42,38,17,2,1,19,23,0,0,13,20,76,4,4,4,NA,NA,64,43,36,18,9,5,43,27,3,4,18,22,95,6,6,6,NA,NA,0
Tobias Kamke,Jack Sock,1,0,1,3,49,51,51,36,6,8,6,8,2,12,,,138,6,7,2,4,NA,50,54,50,43,16,12,16,12,4,10,,,146,7,5,6,6,NA,0
Thanasi Kokkinakis,Igor Sijsling,1,1,3,1,54,55,46,36,8,9,54,45,3,5,14,23,135,7,0,7,6,NA,59,56,41,23,20,5,53,47,4,9,23,36,135,6,6,6,2,NA,0
Rafael Nadal,Bernard Tomic,1,1,1,0,62,14,38,6,5,1,13,5,1,1,5,5,30,6,NA,NA,NA,NA,71,15,29,3,3,1,13,7,0,0,3,5,24,4,NA,NA,NA,NA,0
Leonardo Mayer,Novak Djokovic,2,0,0,3,52,28,48,17,3,7,14,39,0,0,7,11,59,0,4,4,NA,NA,66,36,34,17,12,2,30,11,5,6,5,9,93,6,6,6,NA,NA,0
Dmitry Tursunov,Denis Istomin,2,0,1,3,53,45,47,26,5,5,31,44,3,10,24,38,106,6,6,1,4,NA,54,47,46,36,14,1,46,34,5,8,14,18,127,7,4,6,6,NA,0
Sam Querrey,Ernests Gulbis,2,1,3,0,72,45,28,11,19,4,30,21,5,9,6,11,88,6,6,6,NA,NA,46,23,54,21,7,4,19,41,1,3,6,11,59,2,3,4,NA,NA,0
Fabio Fognini,Jarkko Nieminen,2,1,3,1,58,62,42,30,9,12,51,60,5,15,27,33,144,7,6,3,6,NA,65,57,35,23,3,5,24,37,2,16,15,24,134,5,4,6,2,NA,0
Nikolay Davydenko,Richard Gasquet,2,0,0,3,77,48,23,11,6,1,39,43,4,5,9,12,97,6,4,4,NA,NA,58,41,42,21,9,5,33,37,6,11,10,15,110,7,6,6,NA,NA,0
Tommy Robredo,Julien Benneteau,2,1,3,1,58,61,42,38,17,3,66,25,4,13,13,17,159,6,6,6,7,NA,62,68,38,27,14,6,64,65,1,11,42,65,138,3,7,1,6,NA,0
Matthew Ebden,Vasek Pospisil,2,0,1,3,68,64,32,19,8,3,30,43,3,11,26,35,121,6,6,6,1,NA,60,59,40,31,13,3,46,47,4,5,25,39,132,3,7,7,6,NA,0
Stanislas Wawrinka,Alejandro Falla,2,1,3,1,56,57,44,31,9,4,61,46,6,17,23,29,142,6,6,6,6,NA,60,56,40,25,1,3,26,37,2,7,24,39,117,3,3,7,4,NA,0
Adrian Mannarino,David Ferrer,2,0,1,3,55,44,45,25,5,1,32,73,5,10,18,31,113,6,7,0,3,NA,68,56,32,18,0,4,32,48,9,17,21,22,142,7,5,6,6,NA,0
Jeremy Chardy,Alexandr Dolgopolov,2,1,3,1,60,74,40,30,22,10,76,73,5,14,24,38,164,7,7,6,7,NA,71,81,29,22,15,2,43,36,4,12,19,24,160,5,6,7,6,NA,0
Pablo Andujar,Jerzy Janowicz,2,0,1,3,79,71,21,20,11,1,57,28,3,11,17,26,149,6,6,6,3,NA,67,76,33,25,15,5,63,47,3,11,11,18,151,4,7,7,6,NA,0
Mikhail Youzhny,Florian Mayer,2,0,2,3,55,55,45,36,14,5,48,46,3,7,14,21,126,4,6,3,6,3,60,59,40,33,19,3,48,41,4,11,29,42,136,6,3,6,3,6,0
Edouard Roger-Vasselin,Guillermo Garcia-Lopez,2,1,3,1,57,49,43,28,11,2,11,2,7,17,,,130,7,6,4,6,NA,51,46,49,26,9,10,9,10,4,13,,,117,6,4,6,1,NA,0
Kevin Anderson,Dominic Thiem,2,1,3,0,65,43,35,18,15,5,30,22,3,5,12,15,87,6,6,6,NA,NA,59,34,41,16,10,3,28,21,0,2,2,5,69,4,3,4,NA,NA,0
Damir Dzumhur,Ivan Dodig,2,0,2,2,51,36,49,26,7,6,33,27,3,5,12,18,95,4,4,6,4,NA,55,39,45,20,13,2,37,43,3,7,12,19,91,6,6,3,1,NA,0
Tomas Berdych,Kenny De Schepper,2,1,3,0,64,37,36,15,5,4,29,13,5,8,21,25,93,6,6,6,NA,NA,63,33,37,10,8,9,29,32,0,0,14,25,57,4,1,3,NA,NA,0
Blaz Kavcic,Roger Federer,2,0,0,3,62,32,38,18,6,3,14,21,1,2,4,13,72,2,1,6,NA,NA,76,45,24,9,11,0,52,35,6,11,23,29,103,6,6,7,NA,NA,0
Fernando Verdasco,Teymuraz Gabashvili,2,0,2,3,60,67,40,34,12,18,56,71,6,10,15,26,156,6,6,6,4,4,68,62,32,26,2,4,24,51,5,17,6,10,146,7,3,2,6,6,0
Marin Cilic,Gilles Simon,2,0,2,3,50,50,50,32,15,7,15,7,7,15,,,156,6,6,7,1,2,49,65,51,41,7,8,7,8,10,12,,,171,4,7,6,6,6,0
Jo-Wilfried Tsonga,Thomaz Bellucci,2,1,3,0,64,51,36,18,14,6,47,28,3,9,16,24,110,7,6,6,NA,NA,45,31,55,34,9,5,19,29,1,4,13,18,88,6,4,4,NA,NA,0
Blaz Rola,Martin Klizan,2,0,1,3,63,66,37,24,12,8,12,8,3,4,,,123,4,3,7,6,NA,58,49,42,34,16,5,16,5,5,14,,,139,6,6,5,7,NA,0
Stephane Robert,Michal Przysiezny,2,1,3,1,58,56,42,30,13,8,43,28,6,17,13,15,143,7,6,6,6,NA,58,50,42,24,12,6,46,63,2,7,22,36,112,6,1,7,1,NA,0
Michael Berrer,Feliciano Lopez,2,0,0,3,68,47,32,17,6,3,29,25,2,4,37,61,93,4,6,4,NA,NA,62,45,38,23,8,3,43,24,4,11,17,21,108,6,7,6,NA,NA,0
Andy Murray,Vincent Millot,2,1,3,0,59,35,41,17,5,5,25,31,8,17,7,7,106,6,6,7,NA,NA,55,25,45,20,2,7,22,55,3,4,12,20,68,2,2,5,NA,NA,0
Roberto Bautista Agut,Juan Martin Del Potro,2,1,3,2,69,88,31,23,12,6,72,59,5,8,20,28,162,4,6,5,6,7,72,76,28,21,28,2,53,41,4,17,13,25,152,6,3,7,4,5,0
Benoit Paire,Nick Kyrgios,2,1,3,2,50,68,50,47,32,5,78,45,7,24,28,32,188,6,6,6,6,6,66,86,34,27,24,11,59,74,2,10,21,35,159,7,7,4,2,2,0
Yen-Hsun Lu,Grigor Dimitrov,2,0,0,3,70,47,30,19,2,2,23,46,2,4,13,18,95,3,3,6,NA,NA,59,49,41,18,15,7,36,35,5,21,5,9,117,6,6,7,NA,NA,0
Milos Raonic,Victor Hanescu,2,1,3,0,64,57,36,23,27,2,63,36,2,6,17,25,116,7,6,6,NA,NA,67,55,33,22,6,1,23,23,0,5,7,10,101,6,4,4,NA,NA,0
Dusan Lajovic,Kei Nishikori,2,0,0,3,70,37,30,8,7,3,17,49,1,5,4,7,68,1,1,6,NA,NA,64,43,36,15,5,3,30,27,6,12,10,14,104,6,6,7,NA,NA,0
Andreas Seppi,Donald Young,2,0,2,3,57,57,43,33,12,10,47,65,6,18,9,15,165,4,6,3,6,5,61,71,39,29,6,15,47,78,6,15,31,48,158,6,2,6,4,7,0
Jack Sock,Gael Monfils,2,0,0,3,58,48,42,23,5,9,34,37,1,1,16,29,92,6,5,2,NA,NA,62,47,38,23,13,3,39,30,4,11,20,26,117,7,7,6,NA,NA,0
Rafael Nadal,Thanasi Kokkinakis,2,1,3,0,74,45,26,11,7,1,39,19,5,10,11,14,91,6,6,6,NA,NA,67,33,33,10,4,3,21,24,0,3,8,10,61,2,4,2,NA,NA,0
Denis Istomin,Novak Djokovic,3,0,0,3,65,41,35,10,5,1,14,26,1,1,3,9,71,3,3,5,NA,NA,63,38,37,20,6,1,31,23,5,8,16,21,93,6,6,7,NA,NA,0
Fabio Fognini,Sam Querrey,3,1,3,0,60,41,40,26,9,3,43,26,4,10,7,11,108,7,6,6,NA,NA,63,43,37,19,10,1,27,41,1,4,11,23,86,5,4,4,NA,NA,0
Tommy Robredo,Richard Gasquet,3,1,3,1,65,70,35,21,16,3,51,38,3,7,18,25,140,2,7,6,7,NA,62,61,38,28,4,5,62,34,3,9,44,57,137,6,5,4,6,NA,0
Jeremy Chardy,David Ferrer,3,0,0,3,58,44,42,17,8,8,30,51,1,3,17,27,87,2,6,2,NA,NA,72,44,28,17,2,1,22,24,5,11,10,12,111,6,7,6,NA,NA,0
Florian Mayer,Jerzy Janowicz,3,1,3,0,68,42,32,15,17,0,38,7,5,11,12,13,98,7,6,6,NA,NA,53,34,47,18,3,7,34,44,0,1,11,15,63,5,2,2,NA,NA,0
Kevin Anderson,Edouard Roger-Vasselin,3,1,3,2,67,77,33,26,27,6,82,69,3,12,22,30,164,3,4,6,7,7,74,94,26,20,8,4,43,34,3,7,17,29,162,6,6,3,6,5,0
Tomas Berdych,Damir Dzumhur,3,1,3,0,57,37,43,19,13,1,32,26,5,9,13,18,93,6,6,6,NA,NA,44,25,56,17,5,6,21,34,0,2,5,9,58,4,2,2,NA,NA,0
Teymuraz Gabashvili,Roger Federer,3,0,0,3,69,38,31,10,3,5,27,33,0,5,7,19,66,2,2,3,NA,NA,62,39,38,16,6,1,35,18,5,14,11,20,98,6,6,6,NA,NA,0
Jo-Wilfried Tsonga,Gilles Simon,3,1,3,0,66,49,34,20,17,0,40,29,3,6,20,27,94,7,6,6,NA,NA,53,34,47,22,7,3,21,25,0,3,23,28,79,6,4,2,NA,NA,0
Stephane Robert,Martin Klizan,3,1,3,0,72,54,28,11,7,5,35,23,4,10,14,17,105,6,7,6,NA,NA,53,32,47,21,6,4,36,38,0,3,18,29,75,0,6,4,NA,NA,0
Andy Murray,Feliciano Lopez,3,1,3,0,64,50,36,16,6,2,29,30,4,11,11,18,106,7,6,6,NA,NA,57,39,43,20,8,7,31,44,1,1,26,37,84,6,4,2,NA,NA,0
Benoit Paire,Roberto Bautista Agut,3,0,0,3,58,30,42,10,13,3,31,59,2,7,11,22,65,2,1,4,NA,NA,83,46,17,7,4,1,21,23,7,20,11,14,96,6,6,6,NA,NA,0
Milos Raonic,Grigor Dimitrov,3,0,1,3,59,55,41,30,21,5,50,39,1,3,22,53,107,3,6,4,6,NA,60,55,40,33,15,5,49,13,2,4,12,15,128,6,3,6,7,NA,0
Donald Young,Kei Nishikori,3,0,0,3,64,23,36,7,1,5,17,32,1,4,15,30,56,5,1,0,NA,NA,54,29,46,21,3,1,30,27,8,12,3,7,93,7,6,6,NA,NA,0
Rafael Nadal,Gael Monfils,3,1,3,0,67,38,33,20,2,0,21,18,6,12,9,13,107,6,6,6,NA,NA,69,39,31,10,10,5,33,57,0,6,4,9,70,1,2,3,NA,NA,0
Fabio Fognini,Novak Djokovic,4,0,0,3,59,32,41,13,3,7,20,44,0,0,11,16,55,3,0,2,NA,NA,72,38,28,12,7,2,33,21,6,22,12,16,96,6,6,6,NA,NA,0
Stanislas Wawrinka,Tommy Robredo,4,1,3,0,56,54,44,24,14,3,57,37,2,5,17,25,118,6,7,7,NA,NA,71,53,29,14,1,0,24,22,1,4,13,16,96,3,6,6,NA,NA,0
Florian Mayer,David Ferrer,4,0,1,3,61,52,39,27,4,3,33,49,3,11,29,56,118,7,5,2,1,NA,63,55,37,24,3,1,64,43,9,19,19,27,153,6,7,6,6,NA,0
Tomas Berdych,Kevin Anderson,4,1,3,0,52,33,48,21,4,3,38,17,5,17,15,18,92,6,6,6,NA,NA,72,40,28,9,16,1,31,30,0,0,6,19,66,2,2,3,NA,NA,0
Jo-Wilfried Tsonga,Roger Federer,4,0,0,3,52,32,48,23,8,1,29,28,0,1,11,25,72,3,5,4,NA,NA,57,42,43,25,7,1,43,21,3,7,34,41,100,6,7,6,NA,NA,0
Andy Murray,Stephane Robert,4,1,3,1,62,59,38,25,8,3,48,47,7,14,16,24,137,6,6,6,6,NA,51,39,49,22,3,8,33,56,1,6,20,31,103,1,2,7,2,NA,0
Grigor Dimitrov,Roberto Bautista Agut,4,1,3,1,60,57,40,21,11,3,38,34,4,5,23,35,114,6,3,6,6,NA,64,44,36,22,5,1,27,45,1,5,13,23,100,3,6,2,4,NA,0
Rafael Nadal,Kei Nishikori,4,1,3,0,71,67,29,14,12,1,36,28,5,8,10,19,129,7,7,7,NA,NA,66,51,34,16,2,1,36,51,4,10,20,25,110,6,5,6,NA,NA,0
Stanislas Wawrinka,Novak Djokovic,5,1,3,2,58,71,42,36,17,5,51,60,5,10,20,30,153,2,6,6,3,9,73,75,27,23,7,1,45,60,4,7,26,35,161,6,4,2,6,7,0
Tomas Berdych,David Ferrer,5,1,3,1,52,52,48,27,10,4,43,62,5,13,18,28,128,6,6,2,6,NA,61,46,39,23,2,1,30,46,3,12,12,13,119,1,4,6,4,NA,0
Andy Murray,Roger Federer,5,0,1,3,61,60,39,28,9,1,41,46,1,2,17,27,121,3,4,7,3,NA,64,61,36,28,10,0,54,42,4,17,49,66,147,6,6,6,6,NA,0
Rafael Nadal,Grigor Dimitrov,5,1,3,1,73,66,27,22,3,7,42,47,4,11,32,36,147,3,7,7,6,NA,58,64,42,32,16,5,54,61,3,6,28,41,132,6,6,6,2,NA,0
Tomas Berdych,Stanislas Wawrinka,6,0,1,3,62,71,38,30,21,7,60,49,0,1,23,31,142,3,7,6,6,NA,61,72,39,32,18,4,57,49,1,4,14,18,143,6,6,7,7,NA,0
Rafael Nadal,Roger Federer,6,1,3,0,65,41,35,22,3,1,28,25,4,14,3,10,105,7,6,6,NA,NA,66,45,34,18,8,1,34,50,1,2,23,42,86,6,3,3,NA,NA,0
Rafael Nadal,Stanislas Wawrinka,7,0,1,3,78,50,22,10,1,3,19,32,2,6,5,8,88,3,2,6,3,NA,55,46,45,22,19,2,53,49,5,15,11,12,116,6,6,3,6,NA,0
Serena Williams,Ashleigh Barty,1,1,2,0,59,20,41,8,6,2,31,17,5,10,10,11,58,6,6,NA,NA,NA,51,14,49,11,1,4,5,18,0,0,2,4,31,2,1,NA,NA,NA,1
Vesna Dolonc,Lara Arruabarrena,1,1,2,1,65,33,35,10,7,4,7,4,5,10,,,78,2,6,6,NA,NA,62,33,38,10,0,3,0,3,4,7,,,74,6,2,4,NA,NA,1
Pauline Parmentier,Karolina Pliskova,1,0,0,2,63,16,37,4,3,6,3,6,0,2,,,37,0,1,NA,NA,NA,60,26,40,7,5,0,5,0,5,14,,,64,6,6,NA,NA,NA,1
Heather Watson,Daniela Hantuchova,1,0,1,2,61,41,39,19,8,3,27,45,4,7,10,13,88,5,6,3,NA,NA,68,43,32,10,6,2,37,44,5,13,5,8,102,7,3,6,NA,NA,1
Samantha Stosur,Klara Zakopalova,1,1,2,0,65,28,35,11,6,1,19,18,7,10,7,10,74,6,6,NA,NA,NA,50,18,50,7,1,5,27,27,4,14,10,15,60,3,4,NA,NA,NA,1
Tsvetana Pironkova,Silvia Soler-Espinosa,1,1,2,0,62,28,38,12,5,0,30,21,3,5,4,7,68,6,6,NA,NA,NA,50,18,50,14,3,2,11,23,0,3,6,6,44,3,2,NA,NA,NA,1
Annika Beck,Petra Martic,1,1,2,0,67,18,33,8,0,0,8,10,6,11,3,3,52,6,6,NA,NA,NA,50,8,50,4,2,6,7,34,0,2,3,7,25,0,0,NA,NA,NA,1
Kiki Bertens,Ana Ivanovic,1,0,0,2,61,15,39,11,2,4,23,35,6,11,10,16,61,4,4,NA,NA,NA,60,24,40,9,3,4,14,22,8,9,4,6,73,6,6,NA,NA,NA,1
Roberta Vinci,Jie Zheng,1,0,0,2,66,23,34,7,3,3,20,28,3,10,7,12,56,4,3,NA,NA,NA,68,26,32,10,0,2,26,25,5,7,1,2,67,6,6,NA,NA,NA,1
Patricia Mayr-Achleitner,Madison Keys,1,0,1,2,71,48,29,14,0,1,0,1,5,12,,,113,2,7,7,NA,NA,52,45,48,30,11,4,11,4,8,10,,,135,6,6,9,NA,NA,1
Casey Dellacqua,Vera Zvonareva,1,1,2,0,66,22,34,13,0,0,10,19,4,10,1,2,67,6,6,NA,NA,NA,65,22,35,9,2,4,14,43,0,1,5,8,40,2,2,NA,NA,NA,1
Laura Robson,Kirsten Flipkens,1,0,0,2,57,14,43,5,2,5,12,32,0,0,6,10,27,3,0,NA,NA,NA,57,18,43,11,7,2,14,4,5,6,2,4,54,6,6,NA,NA,NA,1
Eugenie Bouchard,Hao Chen Tang,1,1,2,0,64,30,36,16,1,4,1,4,5,11,,,82,7,6,NA,NA,NA,57,21,43,12,1,6,1,6,2,7,,,64,5,1,NA,NA,NA,1
Alison Van Uytvanck,Virginie Razzano,1,0,0,2,54,32,46,15,5,4,22,40,2,7,4,6,78,6,6,NA,NA,NA,58,39,42,18,7,9,21,41,2,3,8,11,82,7,7,NA,NA,NA,1
Sachia Vickery,Lauren Davis,1,0,0,2,51,14,49,12,,3,8,36,3,5,5,11,47,3,3,NA,NA,NA,61,23,39,7,,0,15,23,6,7,7,12,63,6,6,NA,NA,NA,1
Julia Goerges,Sara Errani,1,1,2,0,50,20,50,15,4,2,39,36,5,9,7,10,65,6,6,NA,NA,NA,77,21,23,5,1,0,6,11,2,5,4,4,49,3,2,NA,NA,NA,1
Na Li,Ana Konjuh,1,1,2,0,76,24,24,7,3,0,20,18,5,12,13,19,61,6,6,NA,NA,NA,50,13,50,9,0,5,7,25,0,1,3,6,36,2,0,NA,NA,NA,1
Belinda Bencic,Kimiko Date-Krumm,1,1,2,1,53,25,47,15,5,5,27,44,10,20,7,14,94,6,4,6,NA,NA,71,31,29,10,1,4,29,47,8,13,9,17,87,4,6,3,NA,NA,1
Donna Vekic,Lucie Hradecka,1,0,0,2,47,17,53,9,1,2,1,2,0,5,,,37,3,1,NA,NA,NA,54,23,46,12,9,4,9,4,4,7,,,58,6,6,NA,NA,NA,1
Julia Glushko,Lucie Safarova,1,0,1,2,61,35,39,20,6,3,6,3,2,7,,,82,5,6,1,NA,NA,59,37,41,21,3,4,3,4,4,8,,,92,7,3,6,NA,NA,1
Ekaterina Makarova,Venus Williams,1,1,2,1,63,43,37,17,1,4,21,26,5,12,6,10,97,2,6,6,NA,NA,55,36,45,18,5,8,50,56,5,14,20,24,103,6,4,4,NA,NA,1
Anabel Medina Garrigues,Irina Falconi,1,0,0,2,86,18,14,3,0,1,0,1,2,4,,,41,3,1,NA,NA,NA,53,18,47,13,3,3,3,3,6,7,,,60,6,6,NA,NA,NA,1
Shahar Peer,Monica Niculescu,1,0,0,2,80,21,20,2,2,1,23,38,3,7,9,23,49,4,1,NA,NA,NA,82,26,18,3,1,0,10,13,7,10,10,14,61,6,6,NA,NA,NA,1
Mirjana Lucic-Baroni,Sabine Lisicki,1,0,0,2,43,17,57,8,2,10,11,26,0,7,0,3,51,2,1,NA,NA,NA,52,32,48,15,7,6,28,24,4,8,10,14,75,6,6,NA,NA,NA,1
Angelique Kerber,Jarmila Gajdosova,1,1,2,1,65,36,35,13,6,5,30,17,4,7,9,12,81,6,0,6,NA,NA,53,29,47,12,2,6,41,31,4,11,22,33,80,3,6,2,NA,NA,1
Caroline Garcia,Alla Kudryavtseva,1,0,0,2,58,22,42,15,3,7,3,7,4,6,,,77,2,6,NA,NA,NA,58,37,42,14,3,4,3,4,6,10,,,93,6,7,NA,NA,NA,1
Dinah Pfizenmaier,Yanina Wickmayer,1,0,0,2,48,24,52,23,3,12,3,12,2,15,,,87,6,3,NA,NA,NA,58,38,42,15,6,8,6,8,4,7,,,95,7,6,NA,NA,NA,1
Alison Riske,Elena Vesnina,1,1,2,0,64,24,36,8,4,3,15,16,4,8,5,5,57,6,6,NA,NA,NA,62,17,38,10,2,4,9,31,0,0,1,1,34,2,2,NA,NA,NA,1
Flavia Pennetta,Alexandra Cadantu,1,1,2,0,40,16,60,14,2,3,28,21,6,17,9,11,66,6,6,NA,NA,NA,58,14,42,9,1,8,13,36,1,3,5,8,41,0,2,NA,NA,NA,1
Monica Puig,Anna Tatishvili,1,1,2,0,61,30,39,13,8,5,25,27,4,5,6,6,68,6,6,NA,NA,NA,68,20,32,5,0,4,10,23,1,8,6,7,48,2,4,NA,NA,NA,1
Shuai Zhang,Mona Barthel,1,0,0,2,75,31,25,8,2,1,17,21,2,6,8,10,68,6,3,NA,NA,NA,69,41,31,10,2,3,33,30,3,6,8,9,77,7,6,NA,NA,NA,1
Luksika Kumkhum,Petra Kvitova,1,1,2,1,48,26,52,20,4,6,28,27,5,16,7,8,92,6,1,6,NA,NA,60,36,40,15,3,8,32,40,4,12,12,16,80,2,6,4,NA,NA,1
Jelena Jankovic,Misaki Doi,1,1,2,0,60,23,40,11,6,6,20,19,5,8,2,4,59,6,6,NA,NA,NA,52,12,48,5,1,3,10,26,1,8,0,2,36,1,2,NA,NA,NA,1
Nadiya Kichenok,Ayumi Morita,1,0,0,2,63,27,37,11,4,7,24,43,2,8,11,14,68,2,6,NA,NA,NA,62,30,38,16,6,2,20,24,4,5,1,3,75,6,7,NA,NA,NA,1
Kurumi Nara,Shuai Peng,1,1,2,1,74,39,26,10,1,6,23,37,8,16,2,4,103,7,4,6,NA,NA,63,40,37,16,3,5,36,54,6,10,4,6,96,5,6,3,NA,NA,1
Andrea Petkovic,Magdalena Rybarikova,1,0,0,2,68,23,32,6,1,4,15,31,1,3,7,11,48,2,3,NA,NA,NA,67,27,33,8,4,1,18,16,5,8,9,16,66,6,6,NA,NA,NA,1
Sorana Cirstea,Marina Erakovic,1,0,0,2,57,25,43,13,5,1,20,32,3,14,6,7,78,4,6,NA,NA,NA,59,35,41,17,6,5,28,45,4,6,5,8,83,6,7,NA,NA,NA,1
Zarina Diyas,Katerina Siniakova,1,1,2,0,74,33,26,6,1,4,1,4,5,6,,,72,6,6,NA,NA,NA,57,22,43,10,2,3,2,3,2,6,,,58,2,4,NA,NA,NA,1
Lesia Tsurenko,Varvara Lepchenko,1,0,1,2,63,35,37,20,1,3,9,34,3,9,0,1,92,6,3,4,NA,NA,64,42,36,15,3,5,32,52,3,9,11,13,93,2,6,6,NA,NA,1
Katarzyna Piter,Simona Halep,1,0,0,2,77,12,23,1,1,3,5,25,0,2,5,8,24,0,1,NA,NA,NA,61,21,39,9,3,2,13,14,5,9,1,2,52,6,6,NA,NA,NA,1
Carla Suarez Navarro,Vania King,1,1,2,0,79,31,21,4,0,1,17,19,4,5,6,9,61,6,6,NA,NA,NA,69,20,31,5,1,2,12,28,1,2,5,14,42,3,2,NA,NA,NA,1
Galina Voskoboeva,Irina-Camelia Begu,1,1,2,1,64,41,36,18,3,3,3,3,6,11,,,109,7,4,7,NA,NA,62,44,38,15,2,7,2,7,5,9,,,94,5,6,5,NA,NA,1
Kristina Mladenovic,Stefanie Voegele,1,0,0,2,48,29,52,19,3,8,23,41,1,1,14,22,61,5,5,NA,NA,NA,66,32,34,13,7,1,19,20,3,12,5,7,76,7,7,NA,NA,NA,1
Francesca Schiavone,Dominika Cibulkova,1,0,0,2,60,21,40,11,5,2,14,27,1,6,5,11,57,3,4,NA,NA,NA,61,33,39,14,0,6,21,30,3,7,6,7,72,6,6,NA,NA,NA,1
Alize Cornet,Polona Hercog,1,0,,,75,3,25,1,1,,2,0,,,1,1,5,,,,,,0 ,0,100,1,0,,1,1,,,0,0,1,,,,,,1
Camila Giorgi,Storm Sanders,1,1,2,1,51,38,49,23,5,13,27,47,4,12,3,7,97,4,6,6,NA,NA,63,35,37,12,2,3,13,34,2,7,4,4,81,6,1,4,NA,NA,1
Paula Ormaechea,Karin Knapp,1,0,0,2,57,26,43,7,2,7,2,7,2,3,,,56,4,2,NA,NA,NA,61,26,39,8,4,3,4,3,5,10,,,69,6,6,NA,NA,NA,1
Bethanie Mattek-Sands,Maria Sharapova,1,0,0,2,57,27,43,10,4,8,18,30,2,6,7,9,65,3,4,NA,NA,NA,53,31,47,13,5,9,29,28,4,8,3,7,77,6,6,NA,NA,NA,1
Agnieszka Radwanska,Yulia Putintseva,1,1,2,1,59,36,41,15,9,1,38,31,7,11,22,35,96,6,5,6,NA,NA,52,29,48,16,0,6,27,33,3,8,11,17,76,0,7,2,NA,NA,1
Olga Govortsova,Ying-Ying Duan,1,1,2,0,68,35,32,8,10,4,10,4,4,12,,,78,6,7,NA,NA,NA,60,24,40,16,1,1,1,1,1,5,,,62,0,6,NA,NA,NA,1
Carina Witthoeft,Mandy Minella,1,0,0,2,62,16,38,10,1,4,1,4,2,6,,,47,1,4,NA,NA,NA,56,17,44,16,0,2,0,2,5,8,,,62,6,6,NA,NA,NA,1
Teliana Pereira,Anastasia Pavlyuchenkova,1,0,0,2,68,43,32,14,3,7,3,7,2,4,,,84,6,4,NA,NA,NA,62,32,38,15,3,5,3,5,3,12,,,93,7,6,NA,NA,NA,1
Kaia Kanepi,Garbine Muguruza,1,0,1,2,64,27,36,12,6,3,22,39,3,9,3,4,69,2,6,2,NA,NA,51,28,49,20,5,4,26,31,5,12,1,3,85,6,2,6,NA,NA,1
Timea Babos,Anna Schmiedlova,1,0,1,2,60,46,40,17,8,11,8,11,5,24,,,120,6,4,5,NA,NA,66,54,34,23,5,5,5,5,6,14,,,126,4,6,7,NA,NA,1
Christina McHale,Yung-Jan Chan,1,1,2,0,71,31,29,11,4,3,4,3,5,9,,,77,7,6,NA,NA,NA,68,28,32,10,0,6,0,6,3,3,,,66,5,4,NA,NA,NA,1
Lourdes Dominguez Lino,Caroline Wozniacki,1,0,0,2,58,10,42,8,,2,9,30,1,2,5,7,31,0,2,NA,NA,NA,61,17,39,11,,2,15,16,6,12,11,18,58,6,6,NA,NA,NA,1
Sloane Stephens,Yaroslava Shvedova,1,1,2,0,75,31,25,7,1,1,22,27,6,12,1,3,82,7,6,NA,NA,NA,58,22,42,10,3,13,14,43,4,6,3,6,61,6,3,NA,NA,NA,1
Tadeja Majeric,Ajla Tomljanovic,1,0,1,2,72,54,28,10,4,7,4,7,3,6,,,99,6,6,4,NA,NA,49,36,51,25,5,6,5,6,3,6,,,97,3,7,6,NA,NA,1
Olivia Rogowska,Mariana Duque-Marino,1,1,2,0,63,25,37,10,2,6,21,31,6,13,4,5,66,6,6,NA,NA,NA,67,18,33,5,4,4,10,32,3,8,2,6,47,3,3,NA,NA,NA,1
Elina Svitolina,Svetlana Kuznetsova,1,1,2,0,61,26,39,8,5,5,27,21,5,12,12,18,65,6,6,NA,NA,NA,48,20,52,11,1,4,17,24,2,4,4,5,53,3,3,NA,NA,NA,1
Bojana Jovanovski,Jana Cepelova,1,1,2,1,76,43,24,11,0,1,0,1,9,13,,,100,6,6,6,NA,NA,69,28,31,7,2,5,2,5,5,12,,,81,7,1,3,NA,NA,1
Chanelle Scheepers,Yvonne Meusburger,1,0,0,2,53,27,47,12,2,13,2,13,4,7,,,71,6,4,NA,NA,NA,68,32,32,12,1,5,1,5,5,11,,,80,7,6,NA,NA,NA,1
Su-Wei Hsieh,Barbora Zahlavova Strycova,1,0,1,2,58,33,42,15,1,5,14,39,1,4,11,16,75,1,6,1,NA,NA,68,39,32,13,5,2,31,36,5,17,22,28,95,6,4,6,NA,NA,1
Johanna Larsson,Victoria Azarenka,1,0,0,2,72,24,28,5,2,5,13,29,3,10,4,5,59,6,2,NA,NA,NA,75,41,25,4,0,7,27,32,5,5,15,17,80,7,6,NA,NA,NA,1
Serena Williams,Vesna Dolonc,2,1,2,0,66,28,34,8,10,2,24,19,4,7,3,4,61,6,6,NA,NA,NA,54,17,46,6,2,8,9,20,0,1,3,3,37,1,2,NA,NA,NA,1
Karolina Pliskova,Daniela Hantuchova,2,0,1,2,55,50,45,28,11,6,57,60,3,14,15,17,123,3,6,1,NA,NA,59,53,41,28,9,8,43,35,4,9,10,14,129,6,3,1,NA,NA,1
Samantha Stosur,Tsvetana Pironkova,2,1,2,0,59,20,41,10,4,3,23,15,5,13,13,17,58,6,6,NA,NA,NA,57,15,43,4,1,2,5,19,0,1,5,6,30,2,0,NA,NA,NA,1
Annika Beck,Ana Ivanovic,2,0,0,2,75,13,25,3,0,3,10,29,2,3,5,8,35,1,2,NA,NA,NA,54,16,46,13,2,2,16,17,6,7,0,1,57,6,6,NA,NA,NA,1
Jie Zheng,Madison Keys,2,1,2,1,76,40,24,14,0,4,19,48,7,10,10,15,102,7,1,7,NA,NA,63,39,37,18,3,1,30,43,8,16,6,11,109,6,6,5,NA,NA,1
Casey Dellacqua,Kirsten Flipkens,2,1,2,0,73,22,27,6,1,0,15,15,6,19,7,10,61,6,6,NA,NA,NA,48,15,52,10,0,7,17,29,1,1,10,13,38,3,0,NA,NA,NA,1
Eugenie Bouchard,Virginie Razzano,2,1,2,0,50,26,50,17,4,2,25,25,5,10,3,7,84,6,7,NA,NA,NA,75,32,25,6,2,1,27,42,3,9,13,17,71,2,6,NA,NA,NA,1
Lauren Davis,Julia Goerges,2,1,2,1,69,51,31,15,0,6,14,20,3,7,5,7,94,7,2,6,NA,NA,71,45,29,11,6,1,42,47,3,13,12,15,98,5,6,4,NA,NA,1
Na Li,Belinda Bencic,2,1,2,0,60,27,40,12,4,2,30,31,5,7,2,5,67,6,7,NA,NA,NA,54,21,46,8,2,5,12,19,2,2,3,4,53,0,6,NA,NA,NA,1
Lucie Hradecka,Lucie Safarova,2,0,1,2,44,33,56,26,9,9,9,9,0,6,,,90,7,3,0,NA,NA,62,47,38,20,6,7,6,7,4,13,,,113,6,6,6,NA,NA,1
Ekaterina Makarova,Irina Falconi,2,1,2,0,56,26,44,14,4,6,18,28,5,13,9,14,74,6,7,NA,NA,NA,74,22,26,10,0,2,18,40,2,4,3,7,55,2,5,NA,NA,NA,1
Monica Niculescu,Sabine Lisicki,2,1,2,1,66,35,34,9,0,6,8,18,7,14,12,16,87,2,6,6,NA,NA,53,23,47,14,10,6,43,56,5,6,19,34,76,6,2,2,NA,NA,1
Angelique Kerber,Alla Kudryavtseva,2,1,2,0,59,24,41,11,3,1,22,10,4,13,3,4,65,6,6,NA,NA,NA,63,25,37,8,4,2,23,24,1,2,11,17,47,4,2,NA,NA,NA,1
Yanina Wickmayer,Alison Riske,2,0,0,2,63,13,37,6,3,3,14,30,0,2,3,7,36,1,1,NA,NA,NA,78,27,22,6,4,2,15,8,5,10,2,3,60,6,6,NA,NA,NA,1
Flavia Pennetta,Monica Puig,2,1,2,0,45,22,55,18,9,0,21,14,2,6,4,4,67,6,6,NA,NA,NA,45,21,55,16,5,6,19,38,0,0,11,16,50,3,4,NA,NA,NA,1
Mona Barthel,Luksika Kumkhum,2,1,2,1,63,44,37,18,3,6,25,33,4,5,11,20,92,4,6,6,NA,NA,58,38,42,13,4,8,37,39,3,7,7,8,94,6,3,4,NA,NA,1
Jelena Jankovic,Ayumi Morita,2,1,2,0,59,19,41,7,9,4,25,14,6,6,0,1,53,6,6,NA,NA,NA,57,8,43,5,1,3,7,18,1,1,1,2,26,2,0,NA,NA,NA,1
Kurumi Nara,Magdalena Rybarikova,2,1,2,0,66,26,34,15,0,2,8,26,4,4,5,10,59,6,6,NA,NA,NA,52,16,48,8,4,1,13,38,2,5,7,11,51,4,3,NA,NA,NA,1
Marina Erakovic,Zarina Diyas,2,0,0,2,50,15,50,8,2,5,15,27,1,10,3,4,46,4,0,NA,NA,NA,70,27,30,10,1,1,27,15,5,5,2,2,66,6,6,NA,NA,NA,1
Varvara Lepchenko,Simona Halep,2,0,1,2,63,34,37,10,1,4,23,47,2,2,9,10,66,6,0,1,NA,NA,58,29,42,16,0,3,10,19,6,15,1,2,90,4,6,6,NA,NA,1
Carla Suarez Navarro,Galina Voskoboeva,2,1,2,1,73,57,27,17,0,5,19,30,6,10,14,19,126,7,3,8,NA,NA,55,40,45,23,3,13,50,67,7,17,25,39,121,6,6,6,NA,NA,1
Stefanie Voegele,Dominika Cibulkova,2,0,0,2,42,11,58,1,3,1,12,22,1,5,2,3,30,0,1,NA,NA,NA,68,21,32,8,0,2,17,13,6,9,4,5,55,6,6,NA,NA,NA,1
Alize Cornet,Camila Giorgi,2,1,2,1,59,39,41,17,1,9,5,29,6,13,2,6,103,6,4,6,NA,NA,56,31,44,20,0,12,28,73,5,12,19,33,92,3,6,4,NA,NA,1
Karin Knapp,Maria Sharapova,2,1,2,1,53,40,47,23,3,9,20,55,6,9,6,7,112,3,6,8,NA,NA,60,44,40,23,2,12,34,67,7,20,6,6,124,6,4,1,NA,NA,1
Agnieszka Radwanska,Olga Govortsova,2,1,2,0,66,28,34,8,1,1,18,13,5,8,11,14,63,6,7,NA,NA,NA,70,20,30,6,0,1,18,26,1,2,13,18,43,0,5,NA,NA,NA,1
Mandy Minella,Anastasia Pavlyuchenkova,2,0,0,2,55,21,45,11,2,3,2,3,0,0,,,42,2,2,NA,NA,NA,67,24,33,8,5,1,5,1,4,9,,,65,6,6,NA,NA,NA,1
Garbine Muguruza,Anna Schmiedlova,2,1,2,0,56,23,44,11,6,6,24,33,6,8,4,9,66,6,6,NA,NA,NA,59,15,41,7,1,5,6,20,3,7,0,2,45,3,3,NA,NA,NA,1
Christina McHale,Caroline Wozniacki,2,0,1,2,53,22,47,12,3,3,17,37,3,6,2,2,61,0,6,2,NA,NA,74,30,26,8,2,3,15,29,5,12,11,15,70,6,1,6,NA,NA,1
Sloane Stephens,Ajla Tomljanovic,2,1,2,1,71,39,29,14,3,3,25,36,5,10,10,13,92,3,6,7,NA,NA,54,35,46,22,3,6,25,44,3,6,8,16,87,6,2,5,NA,NA,1
Olivia Rogowska,Elina Svitolina,2,0,0,2,61,26,39,14,5,2,22,36,3,5,8,10,65,4,5,NA,NA,NA,53,26,47,15,7,3,19,24,5,8,8,11,76,6,7,NA,NA,NA,1
Bojana Jovanovski,Yvonne Meusburger,2,0,1,2,69,30,31,14,,1,32,50,6,9,7,9,85,6,3,2,NA,NA,67,38,33,5,,5,18,34,8,15,9,12,92,3,6,6,NA,NA,1
Barbora Zahlavova Strycova,Victoria Azarenka,2,0,0,2,55,13,45,9,1,2,17,30,2,8,17,27,50,1,4,NA,NA,NA,85,34,15,6,0,1,15,18,5,11,10,19,65,6,6,NA,NA,NA,1
Serena Williams,Daniela Hantuchova,3,1,2,0,48,20,52,15,10,2,25,21,4,7,4,12,60,6,6,NA,NA,NA,54,15,46,12,2,2,10,19,1,6,1,3,48,3,3,NA,NA,NA,1
Samantha Stosur,Ana Ivanovic,3,0,1,2,68,42,32,22,3,2,21,30,1,4,11,16,93,7,4,2,NA,NA,58,47,42,23,6,3,46,40,4,9,16,23,107,6,6,6,NA,NA,1
Jie Zheng,Casey Dellacqua,3,0,0,2,64,18,36,11,0,5,15,28,2,3,2,4,45,2,4,NA,NA,NA,58,20,42,14,1,3,14,16,5,10,3,4,64,6,6,NA,NA,NA,1
Eugenie Bouchard,Lauren Davis,3,1,2,0,61,23,39,10,4,2,18,23,5,8,3,5,67,6,6,NA,NA,NA,77,24,23,3,0,1,7,31,1,3,3,4,43,2,2,NA,NA,NA,1
Na Li,Lucie Safarova,3,1,2,1,60,43,40,18,5,6,17,50,4,10,8,9,99,1,7,6,NA,NA,59,33,41,17,2,7,21,43,6,16,5,6,99,6,6,3,NA,NA,1
Ekaterina Makarova,Monica Niculescu,3,1,2,0,56,17,44,13,2,1,17,35,6,9,9,10,65,6,6,NA,NA,NA,70,23,30,8,1,3,9,34,4,4,4,11,56,4,4,NA,NA,NA,1
Angelique Kerber,Alison Riske,3,1,2,0,63,21,37,6,4,4,21,16,7,13,6,9,64,6,6,NA,NA,NA,62,16,38,8,0,6,18,29,4,5,8,23,48,3,4,NA,NA,NA,1
Flavia Pennetta,Mona Barthel,3,1,2,0,44,17,56,15,3,4,14,10,6,15,3,5,70,6,7,NA,NA,NA,60,22,40,13,4,6,22,45,2,4,6,10,55,1,5,NA,NA,NA,1
Jelena Jankovic,Kurumi Nara,3,1,2,0,62,23,38,13,1,3,12,33,7,9,5,10,72,6,7,NA,NA,NA,86,25,14,5,0,2,19,43,5,7,13,18,63,4,5,NA,NA,NA,1
Zarina Diyas,Simona Halep,3,0,0,2,61,16,39,7,0,3,9,32,2,4,7,9,42,1,4,NA,NA,NA,52,18,48,13,1,3,18,20,6,6,3,6,62,6,6,NA,NA,NA,1
Carla Suarez Navarro,Dominika Cibulkova,3,0,0,2,65,12,35,4,0,0,2,23,0,1,0,3,26,1,0,NA,NA,NA,69,21,31,8,1,1,20,20,5,9,7,9,56,6,6,NA,NA,NA,1
Alize Cornet,Maria Sharapova,3,0,0,2,65,24,35,9,,5,11,23,4,6,7,12,60,1,6,NA,NA,NA,50,23,50,16,,8,35,35,6,14,12,13,81,6,7,NA,NA,NA,1
Agnieszka Radwanska,Anastasia Pavlyuchenkova,3,1,2,1,65,36,35,16,5,2,25,19,6,9,13,20,96,5,6,6,NA,NA,59,29,41,17,0,7,39,49,3,5,12,21,78,7,2,2,NA,NA,1
Garbine Muguruza,Caroline Wozniacki,3,1,2,1,64,37,36,16,5,7,33,56,7,10,12,17,96,4,7,6,NA,NA,67,39,33,12,2,6,17,37,5,16,9,13,93,6,5,3,NA,NA,1
Sloane Stephens,Elina Svitolina,3,1,2,0,69,31,31,10,1,0,24,32,4,9,10,13,68,7,6,NA,NA,NA,57,23,43,15,0,4,12,27,2,3,9,17,61,5,4,NA,NA,NA,1
Yvonne Meusburger,Victoria Azarenka,3,0,0,2,70,8,30,4,,5,5,18,1,2,3,3,25,1,0,NA,NA,NA,74,20,26,5,,2,20,13,7,14,14,17,56,6,6,NA,NA,NA,1
Serena Williams,Ana Ivanovic,4,0,1,2,66,43,34,13,13,4,22,31,2,3,10,15,79,6,3,3,NA,NA,53,31,47,21,1,2,33,27,4,14,10,13,91,4,6,6,NA,NA,1
Casey Dellacqua,Eugenie Bouchard,4,0,1,2,61,33,39,14,0,3,11,47,1,2,5,9,68,7,2,0,NA,NA,65,37,35,16,6,1,29,28,6,11,10,12,94,6,6,6,NA,NA,1
Na Li,Ekaterina Makarova,4,1,2,0,80,26,20,4,1,1,18,14,5,7,8,14,55,6,6,NA,NA,NA,64,14,36,3,0,1,4,11,0,4,3,4,31,2,0,NA,NA,NA,1
Angelique Kerber,Flavia Pennetta,4,0,1,2,64,35,36,10,1,4,25,35,5,6,5,13,77,1,6,5,NA,NA,60,33,40,12,8,2,43,37,8,18,17,27,98,6,4,7,NA,NA,1
Jelena Jankovic,Simona Halep,4,0,1,2,67,32,33,11,2,2,23,43,4,8,20,30,69,4,6,0,NA,NA,64,26,36,14,0,4,22,28,6,13,4,4,81,6,2,6,NA,NA,1
Dominika Cibulkova,Maria Sharapova,4,1,2,1,69,27,31,13,1,5,16,28,7,14,2,2,87,3,6,6,NA,NA,66,31,34,12,3,8,27,45,5,10,8,10,77,6,4,1,NA,NA,1
Agnieszka Radwanska,Garbine Muguruza,4,1,2,0,73,34,27,11,2,1,9,15,4,9,4,7,76,6,6,NA,NA,NA,56,18,44,10,3,3,23,44,0,6,6,14,49,1,3,NA,NA,NA,1
Sloane Stephens,Victoria Azarenka,4,0,0,2,72,24,28,9,0,0,20,32,0,2,6,8,55,3,2,NA,NA,NA,69,32,31,10,3,7,20,20,3,14,13,17,74,6,6,NA,NA,NA,1
Ana Ivanovic,Eugenie Bouchard,5,0,1,2,56,34,44,23,1,4,34,35,5,12,12,18,104,7,5,2,NA,NA,58,42,42,20,2,6,47,37,7,13,19,24,113,5,7,6,NA,NA,1
Na Li,Flavia Pennetta,5,1,2,0,64,23,36,10,1,1,23,17,5,8,7,10,62,6,6,NA,NA,NA,39,12,61,13,3,5,14,27,1,4,2,2,37,2,2,NA,NA,NA,1
Simona Halep,Dominika Cibulkova,5,0,0,2,67,13,33,6,2,1,9,25,1,3,1,4,32,3,0,NA,NA,NA,77,25,23,5,0,3,17,16,5,9,3,4,54,6,6,NA,NA,NA,1
Agnieszka Radwanska,Victoria Azarenka,5,1,2,1,59,33,41,16,1,1,23,15,6,16,19,24,94,6,5,6,NA,NA,60,26,40,19,0,5,33,47,2,5,20,34,74,1,7,0,NA,NA,1
Eugenie Bouchard,Na Li,6,0,0,2,45,13,55,5,2,2,10,14,3,7,4,5,49,2,4,NA,NA,NA,61,27,39,11,4,5,35,23,6,10,11,14,71,6,6,NA,NA,NA,1
Dominika Cibulkova,Agnieszka Radwanska,6,1,2,0,64,22,36,10,0,2,21,20,6,9,12,14,63,6,6,NA,NA,NA,68,17,32,2,2,2,12,24,1,9,4,9,40,1,2,NA,NA,NA,1
Na Li,Dominika Cibulkova,7,1,2,0,60,21,40,15,2,3,34,30,5,10,8,13,75,7,6,NA,NA,NA,67,29,33,5,0,7,11,28,2,3,3,4,58,6,0,NA,NA,NA,1
Pablo Carreno-Busta,Roger Federer,1,0,0,3,62,27,38,11,1,3,12,29,1,3,9,20,50,2,2,3,NA,NA,68,33,32,14,10,0,33,19,7,7,14,18,88,6,6,6,NA,NA,0
Somdev Devvarman,Daniel Munoz-De La Nava,1,1,3,0,62,54,38,22,7,3,26,20,5,8,12,21,120,6,6,7,NA,NA,52,35,48,24,0,2,40,47,1,16,22,25,106,3,3,5,NA,NA,0
Tobias Kamke,Paolo Lorenzi,1,1,3,2,62,53,38,15,4,6,42,55,10,22,14,32,140,6,6,3,0,6,46,42,54,31,6,8,39,54,10,18,19,27,139,3,3,6,6,3,0
Julien Benneteau,Ricardas Berankis,1,1,3,1,72,87,28,19,14,2,48,27,4,13,14,30,163,7,6,5,7,NA,53,58,47,38,13,10,72,56,4,13,33,43,149,6,3,7,6,NA,0
Lukas Lacko,Sam Querrey,1,0,0,3,52,31,48,22,4,4,21,24,1,1,3,5,72,3,4,4,NA,NA,58,39,42,19,10,1,42,37,4,7,12,13,93,6,6,6,NA,NA,0
Jan Hajek,Denis Kudla,1,1,3,1,70,58,30,18,4,4,35,36,6,12,8,10,130,6,5,6,6,NA,68,48,32,17,5,5,30,51,1,7,6,9,93,2,7,0,4,NA,0
Adrian Mannarino,Pablo Cuevas,1,0,2,3,63,71,37,38,5,5,45,80,5,12,28,41,160,3,6,3,7,5,59,67,41,27,5,6,54,57,6,20,14,22,175,6,2,6,5,7,0
Gilles Simon,Lleyton Hewitt,1,1,3,2,59,42,41,25,7,2,41,49,10,14,11,18,136,3,1,6,6,7,49,40,51,29,4,6,44,72,9,10,19,35,120,6,6,4,1,5,0
Philipp Petzschner,Marin Cilic,1,0,0,3,56,27,44,13,0,6,12,28,1,2,11,18,54,1,2,3,NA,NA,50,26,50,20,5,1,35,15,7,12,13,21,92,6,6,6,NA,NA,0
Radek Stepanek,Nick Kyrgios,1,0,0,3,63,62,37,29,5,4,41,44,1,6,19,27,132,6,6,6,NA,NA,56,64,44,35,10,7,46,38,1,3,9,20,130,7,7,7,NA,NA,0
Viktor Troicki,James Blake,1,1,3,0,48,29,52,20,12,4,33,12,7,11,14,21,91,6,6,6,NA,NA,47,22,53,15,3,2,23,31,2,2,9,22,59,4,2,2,NA,NA,0
Juan Monaco,Daniel Gimeno-Traver,1,0,2,3,78,85,22,22,2,1,24,30,5,17,12,18,174,6,6,6,4,4,52,67,48,47,12,5,72,64,5,10,11,18,177,4,4,7,6,6,0
Benjamin Becker,Jeremy Chardy,1,0,0,3,66,48,34,13,7,5,24,24,1,5,11,14,85,4,2,5,NA,NA,66,44,34,17,10,6,46,33,5,11,10,16,108,6,6,7,NA,NA,0
Roberto Bautista Agut,Gilles Muller,1,1,3,0,83,51,17,6,6,0,27,18,5,14,5,6,100,6,6,6,NA,NA,55,36,45,18,8,5,32,29,1,3,12,20,75,3,4,2,NA,NA,0
Jarkko Nieminen,Paul-Henri Mathieu,1,1,3,2,69,84,31,29,11,4,57,42,6,7,8,13,172,6,4,7,4,6,54,58,46,36,7,8,60,71,5,15,24,33,163,4,6,6,6,2,0
Jo-Wilfried Tsonga,Aljaz Bedene,1,1,3,0,50,32,50,23,5,0,29,33,6,10,13,17,93,6,6,6,NA,NA,62,26,38,12,4,4,15,35,1,4,9,13,63,2,2,3,NA,NA,0
Marinko Matosevic,David Ferrer,1,0,0,3,59,29,41,10,1,5,20,42,5,8,15,26,76,4,3,4,NA,NA,55,33,45,18,3,4,22,22,8,11,6,11,98,6,6,6,NA,NA,0
Steve Johnson,Albert Montanes,1,0,2,3,55,53,45,32,5,7,56,41,4,5,19,35,118,4,6,3,6,1,65,59,35,21,5,4,38,20,6,19,11,16,142,6,3,6,3,6,0
Joao Sousa,Go Soeda,1,1,3,0,70,40,30,14,7,2,29,21,7,10,5,7,87,6,6,6,NA,NA,58,24,42,10,3,4,19,41,1,4,6,11,57,1,3,2,NA,NA,0
Marcel Granollers,Feliciano Lopez,1,0,2,2,70,55,30,18,7,3,29,37,5,14,17,34,132,5,6,4,6,NA,58,52,42,33,12,3,52,66,4,5,26,38,122,7,2,6,4,NA,0
Illya Marchenko,Kevin Anderson,1,0,0,3,60,39,40,25,0,4,21,35,1,2,8,18,89,3,5,4,NA,NA,64,50,36,15,13,4,38,33,4,12,12,14,115,6,7,6,NA,NA,0
Jan-Lennard Struff,Evgeny Donskoy,1,0,1,3,48,47,52,32,9,5,53,51,6,11,12,20,132,6,6,6,2,NA,59,59,41,25,14,5,40,38,6,10,8,11,132,7,2,7,6,NA,0
Steve Darcis,Michael Llodra,1,0,1,3,71,49,29,23,3,1,35,18,4,6,21,42,112,4,6,1,4,NA,58,56,42,16,17,6,59,46,7,18,38,63,131,6,4,6,6,NA,0
Milos Raonic,Xavier Malisse,1,1,3,1,73,55,27,14,16,2,61,36,6,9,32,45,116,6,6,4,6,NA,64,42,36,18,8,1,26,18,2,5,9,13,87,2,1,6,4,NA,0
Andreas Haider-Maurer,Nicolas Almagro,1,0,1,3,65,50,35,20,8,3,28,32,1,4,7,10,99,6,4,3,3,NA,53,50,47,28,13,6,40,37,4,7,6,12,113,4,6,6,6,NA,0
Martin Alund,Edouard Roger-Vasselin,1,0,1,3,57,31,43,17,1,2,24,41,2,7,11,22,83,2,6,1,0,NA,63,45,37,22,6,1,33,34,8,19,16,21,111,6,4,6,6,NA,0
Blaz Kavcic,James Duckworth,1,1,3,0,63,33,37,17,1,0,25,8,7,12,11,20,89,6,6,6,NA,NA,46,19,54,11,3,4,13,27,1,5,7,22,50,2,2,2,NA,NA,0
Andreas Seppi,Leonardo Mayer,1,1,3,2,67,73,33,32,8,3,50,69,9,14,18,27,171,6,6,6,6,6,64,68,36,28,11,8,48,69,6,10,19,37,154,7,4,3,7,4,0
Jurgen Zopp,Tommy Robredo,1,0,0,3,68,35,32,9,3,0,24,27,0,0,14,27,58,3,2,1,NA,NA,65,37,35,12,6,3,32,7,6,15,8,10,95,6,6,6,NA,NA,0
Igor Sijsling,Jurgen Melzer,1,1,3,0,64,41,36,18,16,3,31,16,6,11,3,8,94,6,6,6,NA,NA,72,37,28,6,5,6,24,22,2,5,8,10,71,4,3,2,NA,NA,0
Ernests Gulbis,Rogerio Dutra Silva,1,1,3,0,53,36,47,23,7,2,40,26,6,9,16,24,97,6,7,6,NA,NA,65,31,35,13,1,2,17,32,3,6,15,23,74,1,6,3,NA,NA,0
Tomas Berdych,Gael Monfils,1,0,2,3,66,91,34,33,11,2,72,57,1,5,35,50,174,6,4,7,7,5,72,104,28,27,26,3,66,44,3,8,15,21,189,7,6,6,6,7,0
Sergiy Stakhovsky,Richard Gasquet,1,0,0,3,55,22,45,17,1,1,16,30,1,4,12,27,57,1,4,3,NA,NA,67,36,33,16,3,1,26,13,6,10,21,27,88,6,6,6,NA,NA,0
Michal Przysiezny,Rhyne Williams,1,1,3,1,67,75,33,27,13,4,57,31,4,12,29,41,151,6,6,7,7,NA,67,66,33,21,19,2,45,33,1,10,6,16,134,3,7,5,5,NA,0
Florent Serra,Nikolay Davydenko,1,0,0,3,64,35,36,13,1,1,17,25,2,3,2,3,75,3,4,5,NA,NA,67,50,33,16,3,3,28,27,5,7,5,5,96,6,6,7,NA,NA,0
Florian Mayer,Denis Istomin,1,0,1,2,59,40,41,15,6,3,22,24,4,7,10,14,87,6,3,5,NA,NA,69,44,31,13,7,3,53,31,5,11,17,26,101,4,6,7,NA,NA,0
Albert Ramos,Jerzy Janowicz,1,0,0,3,61,41,39,25,5,1,22,17,1,6,10,18,94,6,5,3,NA,NA,63,49,37,26,17,3,65,46,3,7,19,22,113,7,7,6,NA,NA,0
Kenny De Schepper,Robin Haase,1,0,1,3,64,61,36,21,7,11,56,60,3,6,31,49,125,4,6,6,3,NA,65,59,35,25,8,6,35,31,3,8,17,23,131,6,7,2,6,NA,0
Vasek Pospisil,Horacio Zeballos,1,0,2,2,56,67,44,34,21,7,58,53,1,4,21,30,141,6,4,7,4,NA,68,71,32,18,10,4,44,42,1,10,15,22,135,7,6,6,1,NA,0
Stanislas Wawrinka,Thiemo De Bakker,1,1,3,1,69,74,31,24,9,3,55,50,4,15,35,56,146,7,6,6,7,NA,69,70,31,25,7,2,38,30,1,4,20,33,135,5,3,7,5,NA,0
Jesse Levine,Kei Nishikori,1,0,0,3,52,16,48,9,1,5,9,33,1,3,4,8,49,3,2,0,NA,NA,51,27,49,19,2,4,26,25,8,11,7,7,86,6,6,6,NA,NA,0
Grega Zemlja,Santiago Giraldo,1,1,3,0,52,32,48,21,12,2,43,24,6,13,6,7,92,6,6,6,NA,NA,64,30,36,12,4,0,19,26,0,3,1,2,62,1,4,1,NA,NA,0
Lukasz Kubot,Maxime Teixeira,1,1,2,1,64,30,36,12,4,5,25,45,6,16,16,36,90,6,5,3,NA,NA,64,37,36,12,4,5,26,42,5,8,11,18,85,4,7,1,NA,NA,0
Benoit Paire,Marcos Baghdatis,1,1,2,1,46,40,54,29,6,2,39,46,2,3,21,28,101,3,7,4,NA,NA,53,34,47,25,2,7,17,24,2,14,13,25,104,6,6,3,NA,NA,0
Andreas Beck,Fabio Fognini,1,0,0,3,55,37,45,25,4,4,34,39,1,13,15,23,106,3,5,3,NA,NA,64,50,36,27,10,5,39,22,5,13,9,11,125,6,7,6,NA,NA,0
Pere Riba,Lukas Rosol,1,0,0,3,60,38,40,14,3,0,12,16,1,5,0,6,82,3,4,4,NA,NA,62,41,38,23,7,4,62,50,4,7,9,12,97,6,6,6,NA,NA,0
Martin Klizan,Michael Russell,1,1,2,1,49,29,51,22,7,4,32,37,6,11,13,19,92,3,6,6,NA,NA,69,35,31,9,3,4,22,32,3,12,10,19,81,6,3,1,NA,NA,0
Rafael Nadal,Daniel Brands,1,1,3,1,84,74,16,12,2,4,40,26,3,8,19,25,140,4,7,6,6,NA,74,66,26,22,10,1,51,53,1,4,25,40,115,6,6,4,3,NA,0
Fernando Verdasco,Marc Gicquel,1,1,3,0,64,37,36,11,4,5,25,22,7,13,7,12,89,6,6,6,NA,NA,53,23,47,13,1,3,11,25,1,3,5,8,58,2,3,1,NA,NA,0
Federico Delbonis,Julian Reister,1,1,3,1,55,52,45,27,8,8,53,41,7,10,13,23,122,6,6,6,6,NA,72,47,28,15,2,1,23,35,1,8,9,15,97,7,1,0,4,NA,0
Mikhail Youzhny,Pablo Andujar,1,1,3,1,65,70,35,20,11,5,71,52,6,20,26,37,153,4,6,6,6,NA,56,49,44,27,2,4,28,39,3,12,11,24,127,6,4,2,3,NA,0
Carlos Berlocq,John Isner,1,0,0,3,73,45,27,10,3,3,27,11,1,5,11,18,83,3,4,4,NA,NA,63,45,37,16,14,1,52,29,4,9,16,27,97,6,6,6,NA,NA,0
Andrey Kuznetsov,Ryan Harrison,1,0,0,3,71,48,29,11,4,4,35,31,2,10,17,25,94,3,4,6,NA,NA,56,46,44,26,6,2,29,20,4,8,12,18,111,6,6,7,NA,NA,0
Jack Sock,Guillermo Garcia-Lopez,1,1,3,0,56,32,44,23,4,2,26,26,7,13,6,9,97,6,6,7,NA,NA,63,30,37,11,0,10,13,38,2,7,9,14,66,2,2,5,NA,NA,0
Tommy Haas,Guillaume Rufin,1,1,3,0,65,48,35,13,6,4,27,41,5,9,12,15,101,7,6,6,NA,NA,61,32,39,21,2,2,16,33,1,4,14,23,78,6,1,3,NA,NA,0
Jiri Vesely,Philipp Kohlschreiber,1,0,1,3,61,59,39,25,8,6,35,44,3,5,21,35,120,6,6,5,2,NA,62,61,38,21,7,2,50,41,3,13,16,22,132,7,1,7,6,NA,0
Simone Bolelli,Yen-Hsun Lu,1,0,0,3,63,33,37,12,4,,18,27,1,1,5,8,57,4,4,1,NA,NA,77,32,23,9,4,,20,12,4,11,4,6,78,6,6,2,NA,NA,0
Bernard Tomic,Victor Hanescu,1,0,0,3,63,38,37,17,6,3,36,34,1,11,14,15,91,5,6,1,NA,NA,71,51,29,19,5,3,27,22,3,5,14,25,103,7,7,2,NA,NA,0
Alexandr Dolgopolov,Dmitry Tursunov,1,0,0,3,55,51,45,22,14,2,44,50,3,7,8,11,116,6,4,6,NA,NA,51,47,49,28,8,6,38,42,4,8,7,13,119,7,6,7,NA,NA,0
Alejandro Falla,Grigor Dimitrov,1,0,0,2,54,10,46,7,1,1,6,15,1,5,5,7,38,4,0,NA,NA,NA,59,20,41,10,2,1,14,16,2,2,6,7,48,6,1,NA,NA,NA,0
Alex Kuznetsov,Lucas Pouille,1,0,0,3,63,33,37,13,5,3,34,49,1,6,19,26,84,1,6,2,NA,NA,48,36,52,33,8,3,38,37,5,11,10,14,109,6,7,6,NA,NA,0
Ivan Dodig,Guido Pella,1,0,2,3,56,80,44,37,21,8,70,72,6,14,35,48,172,6,4,3,6,1,61,71,39,35,4,7,52,49,6,15,21,31,179,4,6,6,2,1,0
Novak Djokovic,David Goffin,1,1,3,0,69,53,31,20,5,0,26,31,3,11,13,21,114,7,6,7,NA,NA,61,46,39,25,7,2,32,38,1,2,15,26,99,6,4,5,NA,NA,0
Somdev Devvarman,Roger Federer,2,0,0,3,61,19,39,16,2,,12,14,0,3,3,14,52,2,1,1,NA,NA,62,30,38,18,3,,54,33,7,14,19,30,88,6,6,6,NA,NA,0
Julien Benneteau,Tobias Kamke,2,1,3,2,72,83,28,23,5,8,63,76,5,10,32,47,174,7,7,5,0,6,65,75,35,37,5,4,55,38,7,16,22,34,183,6,5,7,6,4,0
Jan Hajek,Sam Querrey,2,0,0,3,66,36,34,16,3,1,31,25,4,8,7,18,88,4,5,4,NA,NA,62,45,38,14,8,6,39,28,7,12,9,15,107,6,7,6,NA,NA,0
Gilles Simon,Pablo Cuevas,2,1,3,1,57,41,43,26,4,1,54,41,10,17,16,22,126,6,6,6,6,NA,56,37,44,19,2,4,23,39,2,5,8,14,89,7,1,1,1,NA,0
Nick Kyrgios,Marin Cilic,2,0,0,3,64,33,36,10,3,4,14,23,0,3,2,6,57,4,2,2,NA,NA,51,32,49,23,8,3,32,15,5,7,5,5,92,6,6,6,NA,NA,0
Daniel Gimeno-Traver,Viktor Troicki,2,0,2,3,78,84,22,15,1,3,49,60,7,10,14,23,162,6,6,0,7,4,56,61,44,35,14,2,57,56,10,23,20,37,180,4,7,6,6,6,0
Roberto Bautista Agut,Jeremy Chardy,2,0,0,3,79,42,21,8,1,0,17,11,0,0,14,20,80,1,5,4,NA,NA,64,50,36,17,11,4,59,41,4,8,21,28,101,6,7,6,NA,NA,0
Jo-Wilfried Tsonga,Jarkko Nieminen,2,1,3,0,65,44,35,19,8,1,35,36,4,7,18,22,106,7,6,6,NA,NA,61,41,39,25,1,2,24,35,1,1,21,29,83,6,4,3,NA,NA,0
Albert Montanes,David Ferrer,2,0,0,3,67,28,33,9,3,1,28,36,2,3,10,17,63,2,1,3,NA,NA,60,31,40,15,3,2,29,21,8,15,8,13,96,6,6,6,NA,NA,0
Feliciano Lopez,Joao Sousa,2,1,3,1,64,56,36,23,17,0,42,36,3,12,17,22,126,3,6,6,6,NA,66,58,34,24,10,3,31,41,1,3,11,18,112,6,3,4,4,NA,0
Evgeny Donskoy,Kevin Anderson,2,0,1,3,67,62,33,21,3,2,44,36,0,5,9,13,120,7,1,5,2,NA,68,69,32,26,14,3,58,37,5,11,14,19,148,6,6,7,6,NA,0
Milos Raonic,Michael Llodra,2,1,3,1,63,62,37,25,24,5,75,42,4,12,33,46,144,7,3,7,6,NA,61,59,39,32,14,4,44,26,2,7,28,56,127,5,6,6,2,NA,0
Edouard Roger-Vasselin,Nicolas Almagro,2,0,0,3,57,30,43,16,4,1,23,34,1,11,11,17,81,2,4,3,NA,NA,46,36,54,30,9,6,41,45,5,12,11,14,95,6,6,6,NA,NA,0
Andreas Seppi,Blaz Kavcic,2,1,3,2,57,67,43,41,14,2,63,40,6,18,24,39,176,6,7,6,4,6,63,64,37,37,7,5,46,40,3,9,19,32,157,0,6,7,6,3,0
Igor Sijsling,Tommy Robredo,2,0,2,3,52,51,48,30,9,4,64,53,3,6,37,50,132,7,6,3,1,1,62,67,38,28,12,4,52,29,8,14,8,16,157,6,4,6,6,6,0
Gael Monfils,Ernests Gulbis,2,1,3,1,64,65,36,32,8,4,29,33,7,11,10,19,139,6,6,7,6,NA,60,55,40,22,3,6,52,69,4,12,26,38,132,7,4,6,2,NA,0
Michal Przysiezny,Richard Gasquet,2,0,0,3,64,27,36,8,3,0,14,34,2,3,6,13,53,3,3,0,NA,NA,59,32,41,14,9,3,39,15,8,13,6,9,92,6,6,6,NA,NA,0
Denis Istomin,Nikolay Davydenko,2,0,0,3,68,41,32,19,3,0,19,41,1,1,13,22,80,4,5,2,NA,NA,65,41,35,18,2,1,22,28,5,14,15,21,102,6,7,6,NA,NA,0
Robin Haase,Jerzy Janowicz,2,0,1,3,68,51,32,21,1,0,23,28,3,10,17,34,115,4,6,4,3,NA,60,48,40,28,5,7,59,47,6,14,25,44,124,6,4,6,6,NA,0
Stanislas Wawrinka,Horacio Zeballos,2,1,3,0,66,52,34,18,19,6,50,33,3,6,13,25,111,6,7,6,NA,NA,62,46,38,16,4,3,25,26,0,8,17,24,90,2,6,4,NA,NA,0
Grega Zemlja,Kei Nishikori,2,0,1,3,48,39,52,24,5,5,24,47,6,10,8,13,110,1,7,1,4,NA,63,45,37,19,4,5,43,56,11,23,16,19,135,6,5,6,6,NA,0
Benoit Paire,Lukasz Kubot,2,1,3,0,57,34,43,20,9,3,54,35,7,16,15,22,102,7,6,6,NA,NA,75,46,25,8,1,2,23,26,4,6,9,24,82,6,2,4,NA,NA,0
Lukas Rosol,Fabio Fognini,2,0,1,3,57,51,43,21,8,3,37,51,2,6,17,33,105,2,6,6,1,NA,74,60,26,17,7,4,34,36,4,11,5,11,131,6,7,2,6,NA,0
Rafael Nadal,Martin Klizan,2,1,3,1,74,55,26,10,5,2,27,29,7,10,14,20,113,4,6,6,6,NA,56,30,44,25,6,5,32,57,4,7,15,28,90,6,3,3,3,NA,0
Fernando Verdasco,Janko Tipsarevic,2,0,2,3,58,77,42,40,10,9,74,89,4,14,29,39,187,6,1,6,7,6,64,82,36,38,9,1,49,52,5,20,21,32,194,7,6,3,5,8,0
Mikhail Youzhny,Federico Delbonis,2,1,3,1,69,70,31,24,5,4,44,45,6,15,19,32,152,6,6,7,6,NA,57,55,43,30,2,5,48,48,3,11,17,32,136,3,7,5,4,NA,0
Ryan Harrison,John Isner,2,0,2,3,64,88,36,32,9,9,52,37,1,7,13,26,160,7,7,3,1,6,65,81,35,37,15,2,61,52,5,18,39,56,183,5,6,6,6,8,0
Tommy Haas,Jack Sock,2,1,3,0,74,62,26,15,11,3,34,30,4,16,10,15,116,7,6,7,NA,NA,54,39,46,22,4,6,25,34,1,7,18,26,96,6,2,5,NA,NA,0
Dmitry Tursunov,Victor Hanescu,2,0,0,2,59,31,41,9,6,4,25,15,2,2,6,9,62,4,6,NA,NA,NA,67,33,33,9,6,0,24,10,3,5,5,6,66,6,6,NA,NA,NA,0
Lucas Pouille,Grigor Dimitrov,2,0,0,3,60,31,40,14,1,3,15,39,1,6,13,23,71,1,6,1,NA,NA,49,37,51,29,5,3,37,33,5,10,17,19,103,6,7,6,NA,NA,0
Novak Djokovic,Guido Pella,2,1,3,0,72,38,28,10,1,2,29,26,7,16,17,23,93,6,6,6,NA,NA,57,26,43,12,1,4,10,34,0,1,3,7,58,2,0,2,NA,NA,0
Julien Benneteau,Roger Federer,3,0,0,3,82,41,18,8,2,1,15,31,1,3,9,15,64,3,4,5,NA,NA,65,42,35,22,7,0,38,21,4,4,8,11,98,6,6,7,NA,NA,0
Gilles Simon,Sam Querrey,3,1,3,2,60,52,40,32,3,2,36,29,6,10,11,22,133,2,6,2,7,6,58,60,42,21,9,7,61,50,7,14,21,33,134,6,3,6,6,2,0
Viktor Troicki,Marin Cilic,3,1,3,0,65,61,35,20,7,4,32,36,4,10,13,21,128,7,6,7,NA,NA,59,43,41,27,6,4,34,56,2,9,20,29,115,6,4,5,NA,NA,0
Jo-Wilfried Tsonga,Jeremy Chardy,3,1,3,0,67,40,33,17,6,0,25,24,5,10,13,15,86,6,6,7,NA,NA,65,35,35,10,3,3,17,34,0,2,15,21,60,1,2,5,NA,NA,0
Feliciano Lopez,David Ferrer,3,0,0,3,63,37,37,14,5,3,21,41,3,5,18,28,80,1,5,4,NA,NA,66,41,34,17,1,4,35,30,7,19,14,20,111,6,7,6,NA,NA,0
Milos Raonic,Kevin Anderson,3,0,0,3,57,49,43,29,16,1,50,38,1,4,13,27,102,5,6,3,NA,NA,69,54,31,19,8,2,31,15,3,12,10,12,126,7,7,6,NA,NA,0
Andreas Seppi,Nicolas Almagro,3,0,0,3,51,34,49,18,6,2,32,37,1,5,5,8,74,6,0,4,NA,NA,69,50,31,12,19,2,43,20,5,13,12,14,107,7,6,6,NA,NA,0
Gael Monfils,Tommy Robredo,3,0,2,3,68,73,32,27,2,1,61,68,4,12,28,36,154,6,7,2,6,2,70,74,30,30,4,2,50,52,6,17,28,40,170,2,6,6,7,6,0
Nikolay Davydenko,Richard Gasquet,3,0,0,3,76,46,24,9,3,0,36,38,2,3,11,18,83,4,4,3,NA,NA,68,40,32,19,5,3,27,18,5,10,17,31,101,6,6,6,NA,NA,0
Stanislas Wawrinka,Jerzy Janowicz,3,1,3,1,58,54,42,31,9,2,48,29,5,14,24,32,136,6,6,6,6,NA,61,58,39,23,6,10,37,46,1,5,19,31,116,3,7,3,3,NA,0
Benoit Paire,Kei Nishikori,3,0,1,3,43,40,57,36,6,9,36,64,4,9,10,20,119,3,7,4,1,NA,63,53,37,23,1,5,27,34,8,19,14,27,137,6,6,6,6,NA,0
Rafael Nadal,Fabio Fognini,3,1,3,0,78,52,22,14,5,1,24,40,5,18,15,20,122,7,6,6,NA,NA,67,47,33,26,3,2,47,59,3,11,17,31,111,6,4,4,NA,NA,0
Mikhail Youzhny,Janko Tipsarevic,3,1,3,0,64,40,36,21,3,3,42,29,4,8,16,24,96,6,6,6,NA,NA,49,28,51,25,5,5,22,22,0,3,10,20,77,4,4,3,NA,NA,0
Tommy Haas,John Isner,3,0,2,3,63,99,37,52,15,9,85,43,3,23,14,23,224,7,7,4,6,1,78,132,22,24,27,0,92,58,2,13,52,80,213,5,6,6,7,8,0
Victor Hanescu,Philipp Kohlschreiber,3,0,0,3,73,31,27,8,1,5,21,24,1,14,9,22,71,0,6,1,NA,NA,59,43,41,20,6,1,40,23,6,9,19,32,105,6,7,6,NA,NA,0
Novak Djokovic,Grigor Dimitrov,3,1,3,0,68,39,32,13,2,0,13,22,7,16,6,13,94,6,6,6,NA,NA,69,33,31,9,0,2,18,48,1,5,8,12,61,2,2,3,NA,NA,0
Gilles Simon,Roger Federer,4,0,2,3,61,65,39,28,5,3,32,47,3,6,15,28,131,1,6,6,2,3,64,56,36,23,9,2,60,56,6,14,25,35,147,6,4,2,6,6,0
Jo-Wilfried Tsonga,Viktor Troicki,4,1,3,0,77,45,23,15,1,2,33,24,4,12,18,25,98,6,6,6,NA,NA,62,34,38,15,5,1,20,27,0,3,19,28,70,3,3,3,NA,NA,0
Kevin Anderson,David Ferrer,4,0,0,3,71,34,29,7,5,2,25,41,0,2,6,12,60,3,1,1,NA,NA,52,28,48,24,1,3,28,11,6,17,9,12,97,6,6,6,NA,NA,0
Tommy Robredo,Nicolas Almagro,4,1,3,2,63,73,37,31,8,2,42,39,7,20,23,27,169,6,3,6,6,6,63,71,37,31,7,1,69,67,6,13,19,30,165,7,6,4,4,4,0
Stanislas Wawrinka,Richard Gasquet,4,1,3,2,63,81,37,41,13,6,92,55,4,20,31,45,191,6,4,6,7,8,60,87,40,38,10,2,57,46,2,11,37,53,178,7,6,4,5,6,0
Rafael Nadal,Kei Nishikori,4,1,3,0,69,39,31,16,1,0,20,25,5,8,6,8,91,6,6,6,NA,NA,65,27,35,15,0,1,14,39,0,4,8,16,65,4,1,3,NA,NA,0
Tommy Haas,Mikhail Youzhny,4,1,3,0,61,31,39,14,2,3,25,18,8,15,12,15,82,6,6,6,NA,NA,63,16,37,12,0,3,17,32,2,6,13,21,54,1,1,3,NA,NA,0
Novak Djokovic,Philipp Kohlschreiber,4,1,3,1,74,71,26,23,2,2,38,42,4,8,13,31,134,4,6,6,6,NA,55,48,45,28,4,3,48,48,2,13,17,24,123,6,3,4,4,NA,0
Jo-Wilfried Tsonga,Roger Federer,5,1,3,0,75,46,25,10,2,0,26,22,6,14,15,23,103,7,6,6,NA,NA,67,39,33,14,0,3,25,34,2,3,15,30,73,5,3,3,NA,NA,0
Tommy Robredo,David Ferrer,5,0,0,3,59,22,41,9,2,2,9,28,0,1,4,7,46,2,1,1,NA,NA,47,25,53,22,1,3,26,18,7,12,13,15,84,6,6,6,NA,NA,0
Rafael Nadal,Stanislas Wawrinka,5,1,3,0,75,40,25,11,5,0,31,17,7,12,13,16,96,6,6,6,NA,NA,60,30,40,12,3,4,23,40,1,5,16,30,64,2,3,1,NA,NA,0
Novak Djokovic,Tommy Haas,5,1,3,0,64,41,36,22,11,0,46,25,5,12,22,27,116,6,7,7,NA,NA,60,48,40,21,4,5,19,34,2,2,2,17,84,3,6,5,NA,NA,0
David Ferrer,Jo-Wilfried Tsonga,6,1,3,0,60,35,40,23,3,1,24,21,6,17,17,22,107,6,7,6,NA,NA,58,37,42,17,6,3,31,56,2,5,7,16,84,1,6,2,NA,NA,0
Novak Djokovic,Rafael Nadal,6,0,2,3,67,76,33,30,5,2,54,75,5,9,32,50,158,4,6,1,7,7,64,73,36,35,6,3,61,44,8,16,15,26,177,6,3,6,6,9,0
Rafael Nadal,David Ferrer,7,1,3,0,70,43,30,11,5,2,35,25,8,16,13,17,100,6,6,6,NA,NA,62,31,38,8,1,5,22,35,3,12,10,14,72,3,2,3,NA,NA,0
Su-Wei Hsieh,Maria Sharapova,1,0,0,2,62,18,38,5,0,3,8,8,0,0,1,3,31,2,1,NA,NA,NA,68,25,32,8,4,0,25,19,4,6,3,5,57,6,6,NA,NA,NA,1
Eugenie Bouchard,Tsvetana Pironkova,1,1,2,0,57,23,43,17,3,1,37,21,4,10,16,20,71,6,7,NA,NA,NA,66,28,34,6,1,2,13,21,1,3,4,8,48,1,6,NA,NA,NA,1
Jie Zheng,Vesna Dolonc,1,1,2,0,76,30,24,5,1,0,25,13,4,12,4,5,70,6,6,NA,NA,NA,76,35,24,6,0,3,20,25,0,4,14,20,56,4,1,NA,NA,NA,1
Tamira Paszek,Melanie Oudin,1,0,0,2,59,16,41,8,2,6,21,38,6,15,2,4,66,4,3,NA,NA,NA,63,27,37,9,0,3,24,29,8,13,5,8,78,6,6,NA,NA,NA,1
Karin Knapp,Sloane Stephens,1,0,0,2,57,18,43,13,,3,15,27,2,2,3,5,50,2,5,NA,NA,NA,65,22,35,10,,2,9,16,5,7,1,4,61,6,7,NA,NA,NA,1
Vania King,Alexandra Cadantu,1,1,2,0,74,27,26,11,,0,38,15,6,9,14,21,83,7,6,NA,NA,NA,72,28,28,9,,5,21,17,3,8,5,9,64,6,1,NA,NA,NA,1
Marina Erakovic,Elena Baltacha,1,1,2,0,66,23,34,8,6,2,29,10,5,6,5,9,56,6,6,NA,NA,NA,69,11,31,6,1,1,7,13,1,5,2,6,30,3,0,NA,NA,NA,1
Dominika Cibulkova,Lesia Tsurenko,1,1,2,0,60,24,40,11,1,2,14,20,6,10,4,6,67,6,6,NA,NA,NA,55,12,45,7,1,3,16,35,3,7,0,2,46,1,4,NA,NA,NA,1
Kimiko Date-Krumm,Samantha Stosur,1,0,0,2,79,15,21,3,0,1,8,20,0,1,4,7,33,0,2,NA,NA,NA,59,19,41,12,1,0,21,18,5,8,7,10,60,6,6,NA,NA,NA,1
Kristina Mladenovic,Lauren Davis,1,1,2,0,58,27,42,13,3,1,31,21,6,15,14,17,77,6,7,NA,NA,NA,72,22,28,5,0,0,18,16,2,9,4,7,49,0,5,NA,NA,NA,1
Karolina Pliskova,Garbine Muguruza,1,0,1,2,60,41,40,20,9,4,27,22,2,4,5,7,88,6,5,3,NA,NA,69,49,31,13,7,7,46,25,3,7,11,17,99,4,7,6,NA,NA,1
Jelena Jankovic,Daniela Hantuchova,1,1,2,0,78,40,22,7,4,1,27,21,3,11,10,15,90,6,7,NA,NA,NA,68,38,32,17,1,2,26,32,2,6,14,23,80,4,6,NA,NA,NA,1
Jamie Hampton,Lucie Safarova,1,1,2,1,60,50,40,24,7,5,38,50,6,11,5,14,125,7,3,9,NA,NA,67,53,33,19,4,1,35,43,6,16,11,17,130,6,6,7,NA,NA,1
Anna Karolina Schmiedlova,Yanina Wickmayer,1,1,2,1,62,40,38,16,6,4,17,42,4,12,3,4,102,7,2,6,NA,NA,59,39,41,22,1,8,34,66,4,10,9,12,102,6,6,2,NA,NA,1
Shuai Peng,Camila Giorgi,1,1,2,0,54,28,46,14,2,3,13,15,4,8,5,5,68,6,6,NA,NA,NA,53,24,47,8,1,11,23,30,1,4,3,8,57,4,2,NA,NA,NA,1
Petra Kvitova,Aravane Rezai,1,1,2,1,69,35,31,13,5,6,29,32,9,16,4,11,94,6,4,6,NA,NA,56,27,44,12,1,7,33,32,6,13,11,15,87,3,6,2,NA,NA,1
Elena Vesnina,Victoria Azarenka,1,0,0,2,74,21,26,6,2,1,20,16,1,5,9,11,47,1,4,NA,NA,NA,70,31,30,6,4,1,21,13,4,8,8,10,63,6,6,NA,NA,NA,1
Sandra Zahlavova,Annika Beck,1,0,0,2,69,18,31,7,2,1,13,24,0,3,5,11,40,2,1,NA,NA,NA,83,28,17,5,1,1,19,13,5,11,5,7,62,6,6,NA,NA,NA,1
Irina-Camelia Begu,Silvia Soler-Espinosa,1,0,0,2,74,26,26,6,,3,19,28,1,3,6,9,53,3,2,NA,NA,NA,56,23,44,15,,2,17,15,4,11,4,6,71,6,6,NA,NA,NA,1
Alize Cornet,Maria Joao Koehler,1,1,2,0,70,28,30,11,,3,16,19,6,9,7,9,72,7,6,NA,NA,NA,60,19,40,8,,9,20,45,3,8,4,8,58,5,2,NA,NA,NA,1
Flavia Pennetta,Kirsten Flipkens,1,0,1,2,41,21,59,17,1,7,20,26,4,12,14,28,81,6,4,0,NA,NA,45,31,55,23,5,9,34,28,6,8,21,28,92,2,6,6,NA,NA,1
Melinda Czink,Francesca Schiavone,1,0,0,2,57,23,43,12,1,4,18,26,2,6,11,19,51,0,6,NA,NA,NA,57,26,43,14,4,5,29,20,5,10,5,8,79,6,7,NA,NA,NA,1
Kristyna Pliskova,Mariana Duque-Marino,1,0,0,2,60,18,40,9,0,3,6,27,0,4,3,11,38,2,0,NA,NA,NA,65,23,35,9,3,1,27,16,5,12,12,14,65,6,6,NA,NA,NA,1
Marion Bartoli,Olga Govortsova,1,1,2,1,62,54,38,25,4,12,40,45,7,14,12,19,129,7,4,7,NA,NA,62,42,38,16,1,9,57,42,7,16,9,13,131,6,6,5,NA,NA,1
Nina Bratchikova,Maria Kirilenko,1,0,0,2,69,15,31,4,0,1,6,24,0,2,5,8,33,0,1,NA,NA,NA,51,19,49,12,2,4,24,14,5,11,3,5,60,6,6,NA,NA,NA,1
Ashleigh Barty,Lucie Hradecka,1,1,2,1,53,32,47,23,4,2,26,29,7,18,11,11,103,7,2,6,NA,NA,57,31,43,18,5,7,38,45,6,10,11,21,97,5,6,1,NA,NA,1
Stefanie Voegele,Heather Watson,1,1,2,1,64,41,36,16,4,4,21,24,3,14,9,12,96,6,2,6,NA,NA,67,44,33,17,4,2,38,24,3,8,9,18,91,4,6,4,NA,NA,1
Klara Zakopalova,Kaia Kanepi,1,0,0,2,58,22,42,11,1,2,13,46,3,7,3,8,59,6,2,NA,NA,NA,70,32,30,8,2,3,17,33,5,6,0,2,80,7,6,NA,NA,NA,1
Coco Vandeweghe,Yaroslava Shvedova,1,0,1,2,53,24,47,12,4,6,16,37,3,7,7,14,61,0,6,2,NA,NA,64,30,36,14,0,5,23,22,7,12,10,11,84,6,3,6,NA,NA,1
Tatjana Maria,Paula Ormaechea,1,0,1,2,60,30,40,18,5,2,17,32,2,3,12,19,73,3,6,0,NA,NA,49,25,51,21,3,4,35,30,6,15,13,19,89,6,4,6,NA,NA,1
Bethanie Mattek-Sands,Lourdes Dominguez Lino,1,1,2,0,54,24,46,14,0,2,32,25,5,14,17,24,71,6,6,NA,NA,NA,47,12,53,14,1,2,8,14,2,6,4,11,51,4,1,NA,NA,NA,1
Na Li,A. Medina Garrigues,1,1,2,0,71,31,29,7,,3,26,37,6,10,13,16,69,6,6,NA,NA,NA,57,18,43,7,,0,12,21,4,12,1,1,57,3,4,NA,NA,NA,1
Arantxa Rus,Sara Errani,1,0,0,2,52,11,48,2,,7,7,26,2,3,3,6,26,1,2,NA,NA,NA,85,18,15,3,,0,14,15,7,9,3,7,52,6,6,NA,NA,NA,1
Ayumi Morita,Yulia Putintseva,1,0,0,2,65,17,35,9,0,1,16,31,1,6,4,8,45,2,3,NA,NA,NA,58,22,42,16,3,2,16,13,4,7,0,1,61,6,6,NA,NA,NA,1
Maria-Teresa Torro-Flor,Julia Glushko,1,1,2,0,77,32,23,7,0,0,24,17,6,9,3,3,72,6,7,NA,NA,NA,78,22,22,5,2,1,15,23,3,3,3,9,50,2,5,NA,NA,NA,1
Sabine Lisicki,Sofia Arvidsson,1,1,2,0,52,27,48,15,4,3,37,30,3,6,13,19,73,6,6,NA,NA,NA,70,29,30,10,1,0,7,14,1,6,4,4,60,3,4,NA,NA,NA,1
Simona Halep,Carla Suarez Navarro,1,0,1,2,74,34,26,9,1,5,25,26,4,10,4,6,79,6,2,2,NA,NA,63,31,37,17,0,2,41,22,7,13,19,20,92,3,6,6,NA,NA,1
Irena Pavlovic,Shelby Rogers,1,0,0,2,59,24,41,11,4,3,13,26,0,0,1,2,47,3,4,NA,NA,NA,58,26,42,15,5,1,21,18,2,6,9,10,60,6,6,NA,NA,NA,1
Madison Keys,Misaki Doi,1,1,2,0,66,29,34,8,5,1,25,19,4,5,6,8,59,6,6,NA,NA,NA,62,16,38,9,0,2,10,11,1,4,7,12,46,3,2,NA,NA,NA,1
Nadia Petrova,Monica Puig,1,0,1,2,58,37,42,16,12,3,29,50,5,8,5,9,99,6,5,4,NA,NA,52,40,48,21,4,6,21,36,6,9,3,5,103,3,7,6,NA,NA,1
Petra Martic,Ana Ivanovic,1,0,1,2,62,30,38,17,1,6,23,39,2,9,24,27,81,1,6,3,NA,NA,54,37,46,24,3,3,27,36,4,10,6,14,100,6,3,6,NA,NA,1
Chanelle Scheepers,Mathilde Johansson,1,0,0,2,54,16,46,13,,5,9,23,3,5,1,4,56,5,1,NA,NA,NA,68,29,32,9,,7,26,36,6,15,6,9,72,7,6,NA,NA,NA,1
Virginie Razzano,Claire Feuerstein,1,1,2,0,75,46,25,9,3,4,16,18,3,9,7,12,89,7,6,NA,NA,NA,55,29,45,19,1,2,29,37,2,9,5,10,84,6,4,NA,NA,NA,1
Julia Goerges,Zuzana Kucova,1,0,0,2,54,22,46,14,10,4,39,56,2,9,6,15,73,6,0,NA,NA,NA,76,41,24,13,0,2,13,18,5,9,5,6,90,7,6,NA,NA,NA,1
Urszula Radwanska,Venus Williams,1,1,2,1,68,48,32,16,,4,28,40,11,17,13,23,131,7,6,6,NA,NA,65,38,35,13,,6,58,66,10,15,30,47,121,6,7,4,NA,NA,1
Dinah Pfizenmaier,Mandy Minella,1,1,2,0,67,28,33,5,2,4,30,30,7,13,3,3,69,7,6,NA,NA,NA,57,17,43,8,1,5,7,24,3,6,1,5,47,5,1,NA,NA,NA,1
Mallory Burdette,Donna Vekic,1,1,2,0,68,27,32,11,1,1,27,17,5,7,7,10,62,6,6,NA,NA,NA,63,21,37,7,1,3,12,13,3,7,2,4,56,3,4,NA,NA,NA,1
Agnieszka Radwanska,Shahar Peer,1,1,2,0,67,17,33,9,1,0,13,8,6,14,9,11,58,6,6,NA,NA,NA,56,15,44,7,1,4,17,24,1,2,2,10,32,1,1,NA,NA,NA,1
Mona Barthel,Angelique Kerber,1,0,0,2,57,30,43,16,1,0,37,35,1,4,13,20,77,6,2,NA,NA,NA,54,31,46,20,2,1,19,14,3,12,5,7,81,7,6,NA,NA,NA,1
Jana Cepelova,Christina McHale,1,1,2,1,78,52,22,9,0,3,25,32,4,12,5,6,104,7,2,6,NA,NA,70,52,30,10,2,3,31,39,5,9,7,13,106,6,6,4,NA,NA,1
Romina Oprandi,Elina Svitolina,1,0,1,2,67,35,33,7,2,3,26,32,5,11,8,17,81,3,6,1,NA,NA,61,30,39,19,2,2,40,24,8,16,16,28,99,6,4,6,NA,NA,1
Varvara Lepchenko,Mirjana Lucic-Baroni,1,1,2,0,65,23,35,8,5,3,12,15,6,10,4,4,63,6,6,NA,NA,NA,56,15,44,8,3,2,12,44,1,6,0,0,38,1,2,NA,NA,NA,1
Svetlana Kuznetsova,Ekaterina Makarova,1,1,2,0,54,15,46,15,3,2,31,18,6,10,5,11,73,6,6,NA,NA,NA,70,25,30,11,1,1,20,20,3,6,6,11,56,4,2,NA,NA,NA,1
Pauline Parmentier,Magdalena Rybarikova,1,0,0,2,54,12,46,6,0,6,5,22,1,1,3,8,30,0,1,NA,NA,NA,73,19,27,6,2,0,14,13,6,12,8,9,59,6,6,NA,NA,NA,1
Barbora Zahlavova Strycova,Bojana Jovanovski,1,0,0,2,71,23,29,6,3,2,13,16,0,0,3,7,39,3,2,NA,NA,NA,80,31,20,5,1,0,28,20,3,7,7,7,59,6,6,NA,NA,NA,1
Caroline Wozniacki,Laura Robson,1,1,2,0,76,27,24,8,3,1,11,10,5,7,1,1,66,6,6,NA,NA,NA,56,18,44,5,4,6,25,39,2,5,1,6,43,3,2,NA,NA,NA,1
Stephanie Foretz Gacon,Roberta Vinci,1,0,0,2,66,16,34,5,5,2,20,29,0,0,7,21,32,3,0,NA,NA,NA,60,20,40,12,0,2,10,10,4,5,6,6,58,6,6,NA,NA,NA,1
Galina Voskoboeva,Grace Min,1,1,2,1,55,30,45,18,3,3,38,30,8,14,16,26,97,4,6,7,NA,NA,69,34,31,17,1,1,31,19,7,10,10,15,92,6,4,5,NA,NA,1
Petra Cetkovska,Olga Puchkova,1,1,2,0,69,25,31,8,,4,17,17,6,7,4,5,61,6,6,NA,NA,NA,62,11,38,3,,4,4,25,1,7,0,0,32,0,2,NA,NA,NA,1
Anastasia Pavlyuchenkova,Andrea Hlavackova,1,1,2,1,54,31,46,22,3,4,36,45,7,16,13,21,108,4,7,6,NA,NA,72,46,28,11,2,5,32,38,7,12,9,14,104,6,6,4,NA,NA,1
Kiki Bertens,Sorana Cirstea,1,0,1,2,63,42,37,12,3,10,31,54,5,10,9,19,96,7,5,2,NA,NA,65,40,35,21,3,3,22,37,7,13,12,19,108,5,7,6,NA,NA,1
Monica Niculescu,Johanna Larsson,1,0,0,2,82,15,18,4,,1,18,21,2,2,5,8,39,2,3,NA,NA,NA,64,22,36,8,,1,25,11,6,6,12,14,61,6,6,NA,NA,NA,1
Yuliya Beygelzimer,Caroline Garcia,1,0,0,2,59,24,41,13,0,1,17,22,0,1,10,12,50,3,4,NA,NA,NA,60,29,40,13,4,2,19,21,2,4,3,6,64,6,6,NA,NA,NA,1
Serena Williams,Anna Tatishvili,1,1,2,0,73,21,27,7,8,1,27,14,5,11,1,1,56,6,6,NA,NA,NA,58,11,42,6,0,3,4,22,0,0,0,0,22,0,1,NA,NA,NA,1
Eugenie Bouchard,Maria Sharapova,2,0,0,2,57,17,43,10,0,2,8,18,1,4,1,1,43,2,2,NA,NA,NA,52,19,48,11,1,4,23,23,4,6,8,9,56,6,4,NA,NA,NA,1
Melanie Oudin,Jie Zheng,2,0,0,2,65,12,35,7,1,2,18,31,3,8,7,9,46,3,1,NA,NA,NA,73,26,27,7,0,0,20,14,7,9,3,5,65,6,6,NA,NA,NA,1
Vania King,Sloane Stephens,2,0,0,2,82,17,18,6,0,,7,11,1,3,5,10,36,1,3,NA,NA,NA,75,26,25,5,1,,29,17,5,8,7,11,57,6,6,NA,NA,NA,1
Dominika Cibulkova,Marina Erakovic,2,0,1,2,56,31,44,16,2,3,17,31,5,8,8,11,88,2,6,4,NA,NA,48,25,52,21,2,5,38,38,6,11,6,11,90,6,2,6,NA,NA,1
Kristina Mladenovic,Samantha Stosur,2,0,0,2,55,27,45,16,6,4,25,22,0,1,7,15,64,4,3,NA,NA,NA,75,40,25,6,0,4,26,22,2,10,14,17,74,6,6,NA,NA,NA,1
Jelena Jankovic,Garbine Muguruza,2,1,2,0,60,16,40,11,3,1,10,12,6,12,2,6,58,6,6,NA,NA,NA,54,13,46,8,0,7,12,29,1,2,9,15,34,3,0,NA,NA,NA,1
Anna Karolina Schmiedlova,Jamie Hampton,2,0,0,2,70,28,30,7,0,2,10,14,2,2,5,7,52,5,2,NA,NA,NA,57,22,43,15,1,1,30,25,5,13,10,13,69,7,6,NA,NA,NA,1
Petra Kvitova,Shuai Peng,2,1,2,0,53,20,47,13,4,4,30,26,6,11,9,11,66,6,6,NA,NA,NA,73,22,27,5,0,3,9,18,3,5,4,4,49,4,3,NA,NA,NA,1
Annika Beck,Victoria Azarenka,2,0,0,2,66,22,34,7,1,3,16,23,3,9,2,3,54,4,3,NA,NA,NA,63,24,37,7,1,6,26,26,6,11,14,18,67,6,6,NA,NA,NA,1
Alize Cornet,Silvia Soler-Espinosa,2,1,2,0,74,24,26,10,2,1,22,18,5,10,9,11,62,6,6,NA,NA,NA,53,13,47,10,0,2,10,30,1,7,7,10,42,1,3,NA,NA,NA,1
Francesca Schiavone,Kirsten Flipkens,2,1,2,1,62,34,38,20,1,7,39,39,9,18,28,47,110,6,4,6,NA,NA,53,33,47,13,1,5,33,40,6,17,27,41,98,1,6,3,NA,NA,1
Marion Bartoli,Mariana Duque-Marino,2,1,2,0,62,34,38,14,0,5,15,24,5,11,16,28,89,7,7,NA,NA,NA,57,32,43,14,2,5,42,44,4,14,13,25,82,6,5,NA,NA,NA,1
Ashleigh Barty,Maria Kirilenko,2,0,0,1,61,6,39,4,0,,9,5,1,1,2,2,16,3,NA,NA,NA,NA,75,9,25,1,1,,7,4,1,1,5,6,18,3,NA,NA,NA,NA,1
Kaia Kanepi,Stefanie Voegele,2,1,1,0,71,20,29,5,4,2,16,15,1,3,0,4,41,6,NA,NA,NA,NA,58,13,42,9,0,1,15,9,1,6,4,6,39,5,NA,NA,NA,NA,1
Paula Ormaechea,Yaroslava Shvedova,2,1,2,0,64,27,36,14,1,3,17,26,6,9,3,8,81,6,7,NA,NA,NA,74,26,26,7,0,3,18,38,5,8,9,11,72,4,6,NA,NA,NA,1
Na Li,Bethanie Mattek-Sands,2,0,1,2,63,34,37,17,3,5,20,34,5,9,2,9,88,7,3,2,NA,NA,54,35,46,18,3,3,32,37,7,14,5,5,97,5,6,6,NA,NA,1
Yulia Putintseva,Sara Errani,2,0,0,2,64,11,36,5,,2,14,26,1,5,4,11,31,1,1,NA,NA,NA,87,28,13,3,,0,22,7,6,10,9,11,59,6,6,NA,NA,NA,1
Sabine Lisicki,Maria-Teresa Torro-Flor,2,1,2,0,68,26,32,8,2,3,32,33,6,12,8,11,62,6,6,NA,NA,NA,74,17,26,5,0,1,6,17,2,8,1,4,45,4,0,NA,NA,NA,1
Shelby Rogers,Carla Suarez Navarro,2,0,1,2,67,38,33,14,2,1,37,38,5,10,11,14,91,6,4,4,NA,NA,63,41,37,14,1,2,32,31,5,8,10,14,98,3,6,6,NA,NA,1
Monica Puig,Madison Keys,2,1,2,0,52,26,48,21,1,2,15,21,3,7,1,3,79,6,7,NA,NA,NA,61,31,39,11,4,4,17,38,2,6,1,3,68,4,6,NA,NA,NA,1
Mathilde Johansson,Ana Ivanovic,2,0,0,2,73,17,27,4,,3,11,18,1,1,1,3,33,2,2,NA,NA,NA,55,20,45,10,,1,18,10,5,8,2,2,58,6,6,NA,NA,NA,1
Zuzana Kucova,Virginie Razzano,2,0,1,2,72,36,28,10,1,5,22,42,3,10,5,8,87,6,2,0,NA,NA,72,42,28,14,0,3,35,41,7,17,15,19,105,4,6,6,NA,NA,1
Dinah Pfizenmaier,Urszula Radwanska,2,1,2,0,60,24,40,15,1,1,33,32,5,12,16,24,70,6,6,NA,NA,NA,67,20,33,9,0,1,6,15,2,10,5,6,55,3,3,NA,NA,NA,1
Agnieszka Radwanska,Mallory Burdette,2,1,2,0,65,23,35,11,2,1,14,5,5,8,5,7,61,6,6,NA,NA,NA,73,17,27,5,1,0,23,28,2,5,9,19,40,3,2,NA,NA,NA,1
Jana Cepelova,Angelique Kerber,2,0,0,2,70,12,30,3,1,2,13,28,2,8,4,7,38,2,2,NA,NA,NA,62,24,38,11,1,1,13,18,6,7,5,5,63,6,6,NA,NA,NA,1
Varvara Lepchenko,Elina Svitolina,2,1,2,0,61,23,39,12,1,5,32,31,5,11,13,16,71,7,6,NA,NA,NA,65,22,35,10,0,2,11,23,3,3,2,5,56,6,1,NA,NA,NA,1
Magdalena Rybarikova,Svetlana Kuznetsova,2,0,1,2,66,32,34,11,4,3,22,32,3,6,8,17,72,6,2,2,NA,NA,79,36,21,7,1,1,30,30,5,8,9,13,79,1,6,6,NA,NA,1
Caroline Wozniacki,Bojana Jovanovski,2,0,0,2,70,29,30,10,1,3,13,18,2,3,5,7,62,6,3,NA,NA,NA,68,34,32,8,3,1,33,32,3,7,2,5,72,7,6,NA,NA,NA,1
Galina Voskoboeva,Roberta Vinci,2,0,1,2,60,36,40,11,4,4,40,37,2,3,20,35,76,4,6,2,NA,NA,56,35,44,18,1,1,19,15,4,5,20,26,86,6,4,6,NA,NA,1
Anastasia Pavlyuchenkova,Petra Cetkovska,2,0,1,2,50,33,50,22,5,5,37,40,6,10,11,20,97,5,6,4,NA,NA,54,29,46,20,5,2,29,19,6,14,9,15,96,7,2,6,NA,NA,1
Johanna Larsson,Sorana Cirstea,2,0,0,2,63,12,37,9,1,2,7,19,1,8,3,3,45,1,4,NA,NA,NA,54,27,46,14,1,1,20,22,4,5,3,5,60,6,6,NA,NA,NA,1
Serena Williams,Caroline Garcia,2,1,2,0,69,23,31,9,6,1,27,9,4,10,3,5,60,6,6,NA,NA,NA,53,16,47,9,2,3,14,14,0,0,3,5,32,1,2,NA,NA,NA,1
Jie Zheng,Maria Sharapova,3,0,0,2,81,23,19,3,0,1,8,24,4,11,4,4,58,1,5,NA,NA,NA,57,22,43,13,3,8,25,34,8,8,4,7,76,6,7,NA,NA,NA,1
Marina Erakovic,Sloane Stephens,3,0,1,2,64,37,36,15,4,6,31,44,3,9,11,14,93,4,7,3,NA,NA,78,58,22,11,2,2,30,33,5,6,9,12,102,6,6,6,NA,NA,1
Jelena Jankovic,Samantha Stosur,3,1,2,1,73,39,27,13,4,5,16,24,5,12,12,20,90,3,6,6,NA,NA,70,35,30,16,2,2,28,39,4,7,20,25,87,6,3,4,NA,NA,1
Petra Kvitova,Jamie Hampton,3,0,0,2,63,24,37,10,2,3,21,33,3,4,10,17,57,1,6,NA,NA,NA,51,24,49,12,4,5,13,18,5,11,3,5,73,6,7,NA,NA,NA,1
Alize Cornet,Victoria Azarenka,3,0,1,2,65,28,35,10,3,3,28,32,6,16,7,10,84,6,3,1,NA,NA,69,40,31,11,0,10,41,31,9,20,23,32,99,4,6,6,NA,NA,1
Marion Bartoli,Francesca Schiavone,3,0,0,2,62,14,38,8,1,5,9,19,1,3,5,15,41,2,1,NA,NA,NA,53,17,47,15,0,3,32,14,5,9,7,10,63,6,6,NA,NA,NA,1
Stefanie Voegele,Maria Kirilenko,3,0,0,2,52,30,48,19,0,2,25,38,3,7,18,25,79,6,5,NA,NA,NA,57,27,43,20,2,1,30,28,4,9,17,22,91,7,7,NA,NA,NA,1
Bethanie Mattek-Sands,Paula Ormaechea,3,1,2,1,71,34,29,12,2,2,38,21,6,9,13,19,88,4,6,6,NA,NA,55,32,45,8,3,8,18,28,3,4,0,3,63,6,1,3,NA,NA,1
Sabine Lisicki,Sara Errani,3,0,0,2,46,15,54,7,1,3,25,34,1,7,8,15,42,0,4,NA,NA,NA,89,34,11,2,1,0,14,7,5,7,5,8,64,6,6,NA,NA,NA,1
Monica Puig,Carla Suarez Navarro,3,0,0,2,59,24,41,12,1,2,21,31,3,5,7,12,68,4,5,NA,NA,NA,72,39,28,8,3,1,21,29,5,10,7,9,82,6,7,NA,NA,NA,1
Virginie Razzano,Ana Ivanovic,3,0,0,2,70,18,30,7,1,1,11,20,1,4,13,17,48,3,2,NA,NA,NA,73,32,27,8,5,3,23,21,4,10,2,3,68,6,6,NA,NA,NA,1
Agnieszka Radwanska,Dinah Pfizenmaier,3,1,2,0,61,26,39,16,1,0,10,17,3,6,9,16,69,6,6,NA,NA,NA,62,24,38,12,1,2,24,48,1,3,14,18,56,3,4,NA,NA,NA,1
Varvara Lepchenko,Angelique Kerber,3,0,1,2,81,54,19,6,1,4,46,45,3,8,14,20,101,4,7,4,NA,NA,65,47,35,19,2,3,24,24,5,10,3,4,110,6,6,6,NA,NA,1
Bojana Jovanovski,Svetlana Kuznetsova,3,0,0,2,69,31,31,10,1,5,21,21,3,3,4,5,64,4,6,NA,NA,NA,67,29,33,11,7,5,24,24,4,7,8,10,77,6,7,NA,NA,NA,1
Petra Cetkovska,Roberta Vinci,3,0,1,2,63,26,37,11,1,5,29,37,4,13,9,22,80,1,6,2,NA,NA,62,32,38,18,4,2,34,25,6,12,8,16,91,6,2,6,NA,NA,1
Serena Williams,Sorana Cirstea,3,1,2,0,67,22,33,10,3,2,13,16,5,6,3,4,61,6,6,NA,NA,NA,56,13,44,6,0,6,3,19,0,3,3,7,33,0,2,NA,NA,NA,1
Sloane Stephens,Maria Sharapova,4,0,0,2,65,28,35,12,1,4,15,25,1,3,2,3,54,4,3,NA,NA,NA,63,25,37,12,1,1,17,20,4,12,5,5,72,6,6,NA,NA,NA,1
Jamie Hampton,Jelena Jankovic,4,0,0,2,66,11,34,7,1,0,9,29,1,2,9,16,34,0,2,NA,NA,NA,70,22,30,8,2,2,11,15,6,10,6,7,62,6,6,NA,NA,NA,1
Francesca Schiavone,Victoria Azarenka,4,0,0,2,57,11,43,3,2,2,10,24,2,6,8,13,35,3,0,NA,NA,NA,88,28,12,3,1,1,19,14,7,12,10,12,61,6,6,NA,NA,NA,1
Bethanie Mattek-Sands,Maria Kirilenko,4,0,0,2,56,29,44,18,0,2,27,42,2,5,13,21,75,5,4,NA,NA,NA,64,31,36,14,1,6,13,25,4,11,10,17,80,7,6,NA,NA,NA,1
Carla Suarez Navarro,Sara Errani,4,0,1,2,67,32,33,14,,1,42,47,6,18,12,31,93,7,4,3,NA,NA,91,57,9,4,,1,33,27,7,10,14,24,107,5,6,6,NA,NA,1
Agnieszka Radwanska,Ana Ivanovic,4,1,2,0,57,21,43,15,1,1,18,5,5,9,9,12,72,6,6,NA,NA,NA,50,19,50,15,1,9,29,33,2,5,8,17,59,2,4,NA,NA,NA,1
Svetlana Kuznetsova,Angelique Kerber,4,1,2,1,63,46,37,17,3,1,48,37,5,12,16,28,108,6,4,6,NA,NA,75,44,25,13,0,2,37,31,4,13,10,15,100,4,6,3,NA,NA,1
Serena Williams,Roberta Vinci,4,1,2,0,62,24,38,12,5,1,32,21,4,10,13,21,64,6,6,NA,NA,NA,68,20,32,9,1,1,13,12,0,1,10,16,43,1,3,NA,NA,NA,1
Jelena Jankovic,Maria Sharapova,5,0,1,2,63,31,37,16,0,4,9,21,4,7,5,12,74,6,4,3,NA,NA,66,30,34,13,1,2,30,45,4,4,9,11,79,0,6,6,NA,NA,1
Maria Kirilenko,Victoria Azarenka,5,0,0,2,57,31,43,8,2,5,17,18,3,4,6,12,63,6,2,NA,NA,NA,78,32,22,4,0,2,25,18,5,11,13,14,73,7,6,NA,NA,NA,1
Agnieszka Radwanska,Sara Errani,5,0,0,2,70,28,30,5,2,2,27,27,5,11,20,34,72,4,6,NA,NA,NA,84,41,16,3,0,0,30,25,6,7,16,24,80,6,7,NA,NA,NA,1
Serena Williams,Svetlana Kuznetsova,5,1,2,1,66,42,34,12,4,5,37,28,6,16,12,20,92,6,3,6,NA,NA,77,28,23,7,1,1,19,24,4,9,3,6,75,1,6,3,NA,NA,1
Victoria Azarenka,Maria Sharapova,6,0,1,2,72,28,28,8,3,0,15,22,5,10,8,10,77,1,6,4,NA,NA,62,41,38,10,12,11,42,39,6,10,2,6,87,6,2,6,NA,NA,1
Serena Williams,Sara Errani,6,1,2,0,52,14,48,14,5,,40,12,5,7,8,10,52,6,6,NA,NA,NA,80,10,20,1,0,,2,3,0,0,2,2,16,0,1,NA,NA,NA,1
Serena Williams,Maria Sharapova,7,1,2,0,69,27,31,8,10,0,29,21,4,15,10,12,71,6,6,NA,NA,NA,55,20,45,20,2,4,10,17,2,2,3,4,56,4,4,NA,NA,NA,1
Richard Gasquet,Michael Russell,1,1,3,0,63,45,37,16,7,7,,,5,16,18,25,106,6,6,6,NA,NA,59,37,41,17,6,4,,,1,3,30,40,83,3,4,2,NA,NA,0
Stephane Robert,Albano Olivetti,1,1,3,0,61,44,39,19,3,2,,,4,13,,,99,6,6,6,NA,NA,56,37,44,15,18,8,,,0,1,,,71,3,3,4,NA,NA,0
Jan-Lennard Struff,Guillaume Rufin,1,0,2,3,55,61,45,32,11,13,,,5,13,,,149,6,3,6,6,1,55,66,45,27,10,9,,,5,15,,,149,7,6,2,2,6,0
Aljaz Bedene,Dmitry Tursunov,1,0,1,3,52,41,48,19,13,8,,,2,9,,,97,5,6,3,0,NA,55,52,45,27,16,3,,,6,9,,,121,7,4,6,6,NA,0
Feliciano Lopez,Florent Serra,1,1,3,1,58,54,42,30,21,3,,,5,16,,,148,6,6,6,6,NA,61,63,39,30,8,2,,,0,3,,,123,7,2,3,3,NA,0
Kenny De Schepper,Bradley Klahn,1,0,1,3,59,68,41,37,20,11,,,1,1,30,42,133,7,2,6,6,NA,71,72,29,26,6,1,,,3,11,30,48,151,6,6,7,7,NA,0
Andrey Kuznetsov,Dudi Sela,1,0,2,3,53,59,47,44,8,8,,,10,18,,,183,6,3,7,7,4,59,65,41,38,2,7,,,11,26,,,187,7,6,6,5,6,0
Pablo Cuevas,Janko Tipsarevic,1,0,1,2,51,39,49,24,17,6,,,0,1,5,10,82,3,7,3,NA,NA,55,42,45,28,12,2,,,2,9,10,10,104,6,6,6,NA,NA,0
Ernests Gulbis,Andreas Haider-Maurer,1,0,2,3,58,68,42,31,15,8,,,5,22,,,159,6,3,6,6,4,49,58,51,43,10,12,,,4,14,,,160,3,6,1,7,6,0
Mikhail Kukushkin,Andrej Martin,1,1,3,0,51,35,49,27,4,5,,,9,11,,,117,6,7,7,NA,NA,49,35,51,20,4,3,,,7,12,,,103,4,6,5,NA,NA,0
Roberto Bautista Agut,Thomaz Bellucci,1,1,3,0,75,44,25,12,1,1,,,6,10,,,87,6,6,6,NA,NA,57,28,43,10,7,2,,,1,4,,,65,3,2,2,NA,NA,0
Nick Kyrgios,David Ferrer,1,0,0,3,69,44,31,9,8,3,,,1,3,13,19,75,5,3,2,NA,NA,55,40,45,21,11,2,,,5,11,6,6,103,7,6,6,NA,NA,0
Tommy Robredo,Marinko Matosevic,1,1,3,1,54,49,46,30,9,3,,,9,16,9,14,138,6,6,6,6,NA,59,44,41,27,7,3,,,3,9,34,53,119,3,7,3,2,NA,0
Robin Haase,Frank Dancevic,1,0,1,3,58,65,42,34,19,4,,,3,15,,,149,6,6,5,6,NA,64,68,36,34,14,3,,,3,4,,,154,7,3,7,7,NA,0
Albert Ramos,Bernard Tomic,1,0,2,3,55,76,45,42,9,9,,,4,15,26,38,165,3,6,6,6,3,68,71,32,28,9,2,,,5,17,28,41,173,6,3,4,7,6,0
Daniel Evans,Kei Nishikori,1,1,3,0,48,35,52,25,8,4,,,6,9,16,24,102,6,6,6,NA,NA,54,30,46,15,3,8,,,2,9,10,18,80,4,4,2,NA,NA,0
Fernando Verdasco,Ivan Dodig,1,0,2,3,59,58,41,23,5,14,,,6,17,15,22,144,3,5,6,6,3,57,60,43,34,10,5,,,6,9,22,41,145,6,7,1,4,6,0
Rhyne Williams,Nikolay Davydenko,1,0,2,3,55,56,45,26,11,9,,,6,12,,,132,3,6,6,5,0,57,57,43,28,7,6,,,8,14,,,146,6,4,1,7,6,0
Ryan Harrison,Rafael Nadal,1,0,0,3,62,41,38,10,11,2,,,0,2,12,21,69,4,2,2,NA,NA,72,42,28,11,3,5,,,5,7,25,31,94,6,6,6,NA,NA,0
Novak Djokovic,Ricardas Berankis,1,1,3,0,68,36,32,14,10,1,,,7,14,15,23,91,6,6,6,NA,NA,53,18,47,9,3,4,,,1,8,7,15,50,1,2,2,NA,NA,0
Benjamin Becker,Lukas Rosol,1,1,3,1,52,38,48,27,8,5,,,8,17,,,125,6,3,6,6,NA,47,44,53,27,18,14,,,5,12,,,111,3,6,3,4,NA,0
Lukasz Kubot,Jarkko Nieminen,1,0,0,3,38,28,62,27,5,14,,,4,8,,,86,5,5,2,NA,NA,59,38,41,19,6,3,,,7,11,,,111,7,7,6,NA,NA,0
Joao Sousa,Grigor Dimitrov,1,1,3,2,58,61,42,27,5,2,,,8,11,,,145,3,6,6,5,6,58,53,42,27,13,7,,,6,14,,,134,6,3,4,7,2,0
Tommy Haas,Paul-Henri Mathieu,1,1,3,0,59,38,41,15,14,5,,,6,8,5,5,89,6,6,6,NA,NA,56,29,44,16,7,8,,,1,3,8,20,63,4,4,1,NA,NA,0
Yen-Hsun Lu,Daniel Gimeno-Traver,1,1,3,0,67,49,33,19,4,4,,,3,9,,,116,6,7,6,NA,NA,56,45,44,22,14,4,,,1,2,,,90,4,6,3,NA,NA,0
Donald Young,Martin Klizan,1,1,3,0,74,39,26,10,3,7,,,8,13,9,15,86,6,6,6,NA,NA,47,10,53,10,4,5,,,0,9,8,20,45,1,0,1,NA,NA,0
Florian Mayer,Juan Monaco,1,1,3,0,65,34,35,15,5,1,,,5,8,,,77,6,6,3,NA,NA,63,20,37,11,1,5,,,0,3,,,51,4,2,0,NA,NA,0
Tobias Kamke,Steve Johnson,1,1,3,1,53,55,47,39,10,7,,,4,15,14,24,157,6,6,7,6,NA,48,56,52,40,12,10,,,1,5,24,40,137,7,4,6,2,NA,0
Denis Istomin,Nicolas Almagro,1,1,3,1,64,50,36,23,13,2,,,7,11,,,112,6,6,4,6,NA,64,36,36,14,7,5,,,3,9,,,84,3,1,6,3,NA,0
Julien Benneteau,Michal Przysiezny,1,1,3,1,61,49,39,25,7,6,,,6,11,,,125,6,5,6,6,NA,58,52,42,27,14,2,,,4,6,,,110,4,7,4,4,NA,0
Sergiy Stakhovsky,Jeremy Chardy,1,0,2,3,53,62,47,33,7,9,,,3,14,,,156,4,6,2,6,4,56,64,44,40,8,7,,,6,11,,,170,6,4,6,4,6,0
Jiri Vesely,Denis Kudla,1,0,1,3,55,50,45,30,10,8,,,2,5,,,112,2,2,7,5,NA,63,56,37,27,7,5,,,7,17,,,140,6,6,6,7,NA,0
Paolo Lorenzi,Tomas Berdych,1,0,0,3,48,27,52,11,2,6,,,2,4,9,20,62,1,4,1,NA,NA,56,34,44,12,10,3,,,8,15,21,28,93,6,6,6,NA,NA,0
Pablo Andujar,Thiemo de Bakker,1,1,3,0,60,44,40,19,5,3,,,5,9,,,105,6,6,6,NA,NA,52,33,48,19,9,4,,,2,7,,,82,4,4,4,NA,NA,0
Thomas Fabbiano,Milos Raonic,1,0,0,3,66,46,34,17,0,7,,,1,5,13,15,87,3,6,3,NA,NA,63,51,37,19,28,4,,,3,12,12,20,116,6,7,6,NA,NA,0
Jerzy Janowicz,Maximo Gonzalez,1,0,0,3,58,40,42,17,3,11,,,2,10,16,25,92,4,4,2,NA,NA,65,45,35,13,9,4,,,6,16,12,20,111,6,6,6,NA,NA,0
Jack Sock,Philipp Petzschner,1,1,2,1,51,36,49,29,6,8,,,3,8,13,23,100,7,3,5,NA,NA,46,29,54,27,10,5,,,3,8,13,21,91,6,6,2,NA,NA,0
Roger Federer,Grega Zemlja,1,1,3,0,60,41,40,21,12,2,,,5,11,20,21,103,6,6,7,NA,NA,49,29,51,18,9,9,,,1,3,5,13,65,3,2,5,NA,NA,0
Santiago Giraldo,Carlos Berlocq,1,0,2,3,58,63,42,30,9,6,,,6,9,18,29,146,3,6,7,4,2,64,61,36,30,5,7,,,9,22,18,28,163,6,3,6,6,6,0
Horacio Zeballos,Adrian Mannarino,1,0,1,3,52,44,48,29,8,7,,,1,6,,,109,6,4,2,1,NA,57,47,43,30,11,7,,,6,13,,,135,4,6,6,6,NA,0
Guido Pella,Sam Querrey,1,0,1,3,56,54,44,31,6,9,,,1,7,19,28,117,6,6,1,2,NA,58,60,42,26,24,4,,,4,18,16,24,145,7,4,6,6,NA,0
John Isner,Filippo Volandri,1,1,3,0,73,42,27,11,16,3,,,6,7,12,17,87,6,6,6,NA,NA,56,18,44,10,1,5,,,0,2,5,10,45,0,2,3,NA,NA,0
Adrian Ungur,Gael Monfils,1,0,0,3,56,18,44,8,1,7,,,1,1,6,14,38,1,2,0,NA,NA,84,33,16,4,5,1,,,9,13,8,12,81,6,6,6,NA,NA,0
Albert Montanes,Edouard Roger-Vasselin,1,0,0,3,51,29,49,20,4,8,,,0,0,,,57,3,2,4,NA,NA,64,38,36,18,10,1,,,4,11,,,93,6,6,6,NA,NA,0
Collin Altamirano,Philipp Kohlschreiber,1,0,0,3,58,27,42,8,3,3,,,0,0,4,4,50,1,3,1,NA,NA,58,31,42,16,10,4,,,7,12,16,17,86,6,6,6,NA,NA,0
Rogerio Dutra Silva,Vasek Pospisil,1,1,3,2,58,64,42,39,3,3,,,6,16,,,178,4,3,7,6,7,48,66,52,46,21,15,,,7,18,,,176,6,6,6,2,6,0
Benoit Paire,Alex Bogomolov Jr.,1,0,2,3,51,72,49,40,29,11,,,6,23,36,49,191,5,6,4,7,6,64,82,36,33,2,6,,,5,12,21,42,181,7,2,6,5,7,0
Tim Smyczek,James Duckworth,1,1,3,1,66,47,34,21,4,2,,,7,17,24,36,134,3,6,6,6,NA,55,47,45,26,8,5,,,3,7,22,39,114,6,2,4,1,NA,0
Jurgen Zopp,Marcel Granollers,1,0,2,3,51,46,49,27,5,9,,,6,10,,,116,1,6,6,3,4,52,43,48,27,13,9,,,8,16,,,132,6,3,1,6,6,0
Rajeev Ram,Fabio Fognini,1,1,3,0,73,40,27,10,8,1,,,7,16,20,27,90,6,6,6,NA,NA,54,21,46,13,3,7,,,1,3,8,15,55,1,2,2,NA,NA,0
David Goffin,Alexandr Dolgopolov,1,0,0,3,67,44,33,14,7,8,,,2,8,,,93,2,4,4,NA,NA,45,34,55,27,6,4,,,6,21,,,115,6,6,6,NA,NA,0
Nicolas Mahut,Mikhail Youzhny,1,0,0,3,63,50,37,22,6,5,,,1,3,,,94,4,4,6,NA,NA,64,50,36,20,8,3,,,3,11,,,115,6,6,7,NA,NA,0
Jurgen Melzer,Evgeny Donskoy,1,0,0,3,65,39,35,17,4,2,,,3,10,,,96,5,3,6,NA,NA,57,48,43,27,5,1,,,4,10,,,116,7,6,7,NA,NA,0
Igor Sijsling,Peter Gojowczyk,1,0,1,3,55,49,45,24,13,3,,,4,9,,,107,6,6,4,1,NA,51,40,49,29,8,6,,,6,11,,,124,7,2,6,6,NA,0
Lleyton Hewitt,Brian Baker,1,1,3,1,46,38,54,29,8,7,,,10,19,14,27,129,6,4,6,6,NA,49,32,51,28,14,10,,,7,12,12,25,110,3,6,3,4,NA,0
Guillermo Garcia-Lopez,Juan Martin Del Potro,1,0,1,3,48,57,52,45,13,3,,,1,4,22,32,133,3,7,4,6,NA,62,62,38,31,13,4,,,4,13,26,29,163,6,6,6,7,NA,0
Andy Murray,Michael Llodra,1,1,3,0,67,36,33,15,3,0,,,6,8,19,26,91,6,6,6,NA,NA,63,31,37,12,2,6,,,1,2,33,60,61,2,4,3,NA,NA,0
Victor Hanescu,Leonardo Mayer,1,0,1,3,67,72,33,29,5,1,,,3,13,,,156,6,4,6,6,NA,57,60,43,37,8,8,,,3,14,,,157,7,6,3,7,NA,0
Andreas Seppi,Xavier Malisse,1,1,3,1,59,62,41,24,12,4,,,5,10,,,138,6,3,7,7,NA,46,41,54,36,14,5,,,4,9,,,124,3,6,5,5,NA,0
Lukas Lacko,Somdev Devvarman,1,0,2,3,50,48,50,29,11,6,,,5,12,10,16,133,6,1,2,6,4,56,60,44,31,5,3,,,8,12,27,29,151,4,6,6,4,6,0
Stanislas Wawrinka,Radek Stepanek,1,1,3,0,51,32,49,27,7,2,,,6,13,11,18,103,7,6,6,NA,NA,66,37,34,16,1,3,,,3,7,37,64,88,6,3,2,NA,NA,0
James Blake,Ivo Karlovic,1,0,2,3,64,82,36,36,9,6,,,4,11,35,46,170,7,6,4,6,6,63,90,37,29,38,8,,,3,11,48,81,167,6,3,6,7,7,0
Marcos Baghdatis,Go Soeda,1,1,3,0,60,34,40,20,16,3,,,5,10,5,8,89,6,6,6,NA,NA,54,30,46,15,0,5,,,0,1,10,15,63,4,3,1,NA,NA,0
Daniel Brands,Kevin Anderson,1,0,1,3,59,58,41,20,10,6,,,1,6,16,27,113,5,6,2,3,NA,53,50,47,35,20,6,,,4,15,21,27,126,7,4,6,6,NA,0
Richard Gasquet,Stephane Robert,1,1,3,0,58,50,42,22,8,6,,,6,12,14,23,112,6,7,7,NA,NA,53,35,47,19,8,5,,,3,10,20,29,97,3,5,5,NA,NA,0
Guillaume Rufin,Dmitry Tursunov,1,0,0,2,43,14,57,12,4,1,,,1,8,,,48,6,1,NA,NA,NA,58,24,42,13,3,3,,,1,2,,,51,7,1,NA,NA,NA,0
Feliciano Lopez,Bradley Klahn,1,1,3,1,52,59,48,38,23,10,,,4,9,19,29,141,6,7,4,7,NA,71,69,29,18,17,3,,,3,9,24,39,140,4,6,6,5,NA,0
Pablo Andujar,Milos Raonic,1,0,0,3,64,32,36,17,2,5,,,1,7,10,19,79,1,2,4,NA,NA,63,44,37,12,9,2,,,6,18,33,56,102,6,6,6,NA,NA,0
Maximo Gonzalez,Jack Sock,1,0,1,3,68,51,32,17,3,4,,,4,10,14,25,104,6,6,5,2,NA,62,54,38,25,7,9,,,4,7,22,28,116,7,1,7,6,NA,0
Dudi Sela,Janko Tipsarevic,1,0,0,3,62,30,38,10,1,7,,,2,13,,,74,4,4,1,NA,NA,44,32,56,31,3,3,,,7,11,,,102,6,6,6,NA,NA,0
Andreas Haider-Maurer,Mikhail Kukushkin,1,0,0,3,60,45,40,17,7,5,,,0,5,,,91,4,4,5,NA,NA,57,42,43,29,7,0,,,3,3,,,105,6,6,7,NA,NA,0
Roberto Bautista Agut,David Ferrer,1,0,1,3,62,42,38,20,2,5,,,3,8,21,24,104,3,7,1,2,NA,59,48,41,29,10,3,,,8,16,19,29,135,6,6,6,6,NA,0
Roger Federer,Carlos Berlocq,1,1,3,0,52,27,48,22,6,2,,,7,13,28,40,94,6,6,6,NA,NA,84,36,16,2,1,2,,,1,3,7,17,58,3,2,1,NA,NA,0
Adrian Mannarino,Sam Querrey,1,1,3,1,55,68,45,41,13,3,,,2,6,28,45,157,7,7,6,6,NA,58,77,42,34,25,7,,,1,8,15,24,150,6,6,7,4,NA,0
Tommy Robredo,Frank Dancevic,1,1,3,0,64,39,36,12,9,3,,,7,11,9,15,92,6,6,6,NA,NA,65,34,35,10,4,3,,,2,10,23,43,65,4,4,1,NA,NA,0
Bernard Tomic,Daniel Evans,1,0,1,3,62,47,38,23,8,2,,,6,11,18,25,117,6,3,6,3,NA,56,43,44,27,9,7,,,6,15,32,40,125,1,6,7,6,NA,0
John Isner,Gael Monfils,1,1,3,1,70,71,30,21,23,2,,,3,9,37,63,130,7,6,4,7,NA,83,74,17,11,7,3,,,1,7,9,16,120,5,2,6,6,NA,0
Edouard Roger-Vasselin,Philipp Kohlschreiber,1,0,1,3,61,48,39,25,3,3,,,3,3,25,41,102,3,2,7,2,NA,58,44,42,26,13,2,,,7,23,14,20,130,6,6,5,6,NA,0
Ivan Dodig,Nikolay Davydenko,1,1,3,0,66,45,34,14,16,0,,,5,10,,,93,6,6,6,NA,NA,51,25,49,18,2,4,,,1,6,,,67,1,4,4,NA,NA,0
Rogerio Dutra Silva,Rafael Nadal,1,0,0,3,58,21,42,12,2,5,,,0,1,4,12,46,2,1,0,NA,NA,69,30,31,11,3,0,,,8,14,9,10,84,6,6,6,NA,NA,0
Novak Djokovic,Benjamin Becker,1,1,3,0,74,48,26,11,13,2,,,5,14,15,22,102,7,6,6,NA,NA,59,33,41,19,6,4,,,1,1,6,10,73,6,2,2,NA,NA,0
Jarkko Nieminen,Joao Sousa,1,0,2,3,64,65,36,25,9,9,,,5,12,,,138,6,3,6,3,4,63,66,37,23,6,3,,,4,11,,,145,1,6,3,6,6,0
Alex Bogomolov Jr.,Tim Smyczek,1,0,2,3,69,87,31,30,8,9,,,6,14,24,33,173,6,6,6,4,4,63,73,37,26,21,3,,,5,16,28,44,169,3,7,2,6,6,0
Marcel Granollers,Rajeev Ram,1,1,3,2,62,63,38,28,14,4,,,6,11,25,42,145,3,4,6,6,7,66,66,34,22,11,2,,,4,10,45,79,127,6,6,2,3,5,0
Tommy Haas,Yen-Hsun Lu,1,1,3,0,60,51,40,20,15,9,,,6,10,15,20,118,6,6,7,NA,NA,68,44,32,13,4,5,,,4,13,11,23,101,3,4,6,NA,NA,0
Alexandr Dolgopolov,Mikhail Youzhny,1,0,0,3,53,35,47,19,10,4,,,2,9,,,84,5,1,3,NA,NA,52,33,48,23,8,3,,,7,19,,,104,7,6,6,NA,NA,0
Evgeny Donskoy,Peter Gojowczyk,1,1,3,2,55,63,45,34,9,2,,,5,17,,,155,6,6,3,4,6,55,67,45,30,15,8,,,4,10,,,151,3,4,6,6,3,0
Lleyton Hewitt,Juan Martin Del Potro,1,1,3,2,50,56,50,38,10,7,,,8,18,32,50,160,6,5,3,7,6,57,57,43,39,11,8,,,6,11,21,36,151,4,7,6,6,1,0
Andy Murray,Leonardo Mayer,1,1,3,1,57,41,43,35,5,3,,,5,9,17,26,117,7,6,3,6,NA,63,40,37,16,6,5,,,1,9,29,50,87,5,1,6,1,NA,0
Donald Young,Florian Mayer,1,0,0,3,62,42,38,20,5,8,,,3,13,31,54,109,5,3,4,NA,NA,57,48,43,21,10,6,,,7,21,18,26,126,7,6,6,NA,NA,0
Andreas Seppi,Somdev Devvarman,1,1,3,0,52,48,48,27,5,7,,,7,13,23,33,123,7,6,7,NA,NA,56,41,44,24,7,4,,,5,18,13,22,114,6,4,5,NA,NA,0
Tobias Kamke,Denis Istomin,1,0,0,3,46,19,54,23,3,5,,,2,2,,,62,4,2,2,NA,NA,46,24,54,21,6,3,,,7,13,,,82,6,6,6,NA,NA,0
Stanislas Wawrinka,Ivo Karlovic,1,1,3,0,60,51,40,25,9,5,,,3,7,25,36,111,7,7,6,NA,NA,63,52,37,21,12,6,,,1,2,37,59,98,5,6,4,NA,NA,0
Marcos Baghdatis,Kevin Anderson,1,1,3,0,43,24,57,24,10,6,,,6,12,6,8,82,6,6,6,NA,NA,64,27,36,11,7,4,,,0,0,4,14,53,2,2,2,NA,NA,0
Julien Benneteau,Jeremy Chardy,1,1,3,0,58,39,42,18,9,2,,,7,12,14,21,98,6,6,6,NA,NA,57,29,43,13,11,9,,,3,9,12,22,76,4,3,4,NA,NA,0
Denis Kudla,Tomas Berdych,1,0,0,3,60,49,40,26,1,6,,,4,14,12,15,114,6,6,3,NA,NA,57,49,43,28,11,3,,,5,15,12,24,141,7,7,6,NA,NA,0
Richard Gasquet,Dmitry Tursunov,1,1,3,1,64,42,36,21,14,4,,,4,11,14,25,112,6,2,6,4,NA,53,46,47,24,25,4,,,3,7,12,21,99,3,6,4,2,NA,0
Feliciano Lopez,Milos Raonic,1,0,1,3,59,56,41,29,7,8,,,0,4,17,27,113,7,4,3,4,NA,67,66,33,19,28,6,,,4,8,23,38,134,6,6,6,6,NA,0
Jack Sock,Janko Tipsarevic,1,0,1,3,46,35,54,27,19,8,,,2,6,12,17,90,6,6,1,2,NA,56,46,44,33,18,2,,,4,8,14,19,116,3,7,6,6,NA,0
Mikhail Kukushkin,David Ferrer,1,0,1,3,51,50,49,27,4,3,,,6,8,15,27,112,4,3,6,4,NA,60,47,40,20,7,2,,,8,26,15,19,136,6,6,4,6,NA,0
Roger Federer,Adrian Mannarino,1,1,3,0,57,36,43,15,8,4,,,6,14,19,24,90,6,6,6,NA,NA,65,27,35,9,1,0,,,0,1,9,18,54,3,0,2,NA,NA,0
Tommy Robredo,Daniel Evans,1,1,3,1,60,58,40,25,11,5,,,7,14,22,37,150,7,6,4,7,NA,62,65,38,23,8,8,,,4,11,41,66,130,6,1,6,5,NA,0
John Isner,Philipp Kohlschreiber,1,0,1,3,74,72,26,14,26,5,,,2,7,18,31,123,4,6,5,6,NA,73,73,27,20,6,1,,,3,4,15,18,123,6,3,7,7,NA,0
Ivan Dodig,Rafael Nadal,1,0,0,3,52,28,48,18,6,1,,,0,2,13,27,63,4,3,3,NA,NA,65,41,35,20,3,2,,,4,7,14,17,90,6,6,6,NA,NA,0
Novak Djokovic,Joao Sousa,1,1,3,0,68,30,32,12,3,2,,,8,13,22,30,94,6,6,6,NA,NA,59,30,41,10,2,3,,,1,2,10,21,54,0,2,2,NA,NA,0
Tim Smyczek,Marcel Granollers,1,0,2,3,61,63,39,26,10,3,,,7,16,39,55,146,4,6,6,3,5,59,66,41,28,10,3,,,6,12,25,43,147,6,4,0,6,7,0
Tommy Haas,Mikhail Youzhny,1,0,1,3,50,37,50,22,5,1,,,4,9,25,41,95,3,2,6,3,NA,57,43,43,21,9,6,,,7,12,12,21,109,6,6,2,6,NA,0
Evgeny Donskoy,Lleyton Hewitt,1,0,1,3,58,55,42,17,13,2,,,1,7,6,14,111,3,6,6,1,NA,52,49,48,37,11,2,,,4,7,24,31,128,6,7,3,6,NA,0
Andy Murray,Florian Mayer,1,1,3,0,51,37,49,25,7,2,,,4,10,8,12,99,7,6,6,NA,NA,62,40,38,15,0,2,,,0,2,21,39,74,6,2,2,NA,NA,0
Andreas Seppi,Denis Istomin,1,0,2,3,61,55,39,23,10,5,,,5,19,14,24,134,3,4,6,6,1,65,65,35,23,24,6,,,6,8,17,27,138,6,6,2,3,6,0
Stanislas Wawrinka,Marcos Baghdatis,1,1,3,1,52,55,48,37,11,5,,,5,15,25,30,151,6,6,6,7,NA,47,50,53,43,16,8,,,2,9,25,37,132,3,2,7,6,NA,0
Julien Benneteau,Tomas Berdych,1,0,0,3,52,25,48,12,5,6,,,0,3,13,20,63,0,3,2,NA,NA,58,39,42,14,11,1,,,6,14,13,17,93,6,6,6,NA,NA,0
Richard Gasquet,Milos Raonic,1,1,3,2,59,81,41,45,6,9,,,5,21,31,44,195,6,7,2,7,7,56,83,44,46,39,11,,,6,22,47,69,207,7,6,6,6,5,0
Janko Tipsarevic,David Ferrer,1,0,1,3,59,68,41,34,8,5,,,5,14,29,48,153,6,6,5,6,NA,65,68,35,23,13,4,,,5,16,33,42,164,7,3,7,7,NA,0
Roger Federer,Tommy Robredo,1,0,0,3,60,38,40,16,5,0,,,2,16,32,52,101,6,3,4,NA,NA,70,61,30,17,6,4,,,4,7,11,17,110,7,6,6,NA,NA,0
Philipp Kohlschreiber,Rafael Nadal,1,0,1,3,63,58,37,26,12,1,,,0,1,22,34,112,7,4,3,1,NA,66,54,34,26,3,0,,,5,21,23,31,136,6,6,6,6,NA,0
Mikhail Youzhny,Lleyton Hewitt,1,1,3,2,59,55,41,29,9,6,,,10,14,26,37,145,6,3,6,6,7,52,48,48,37,8,9,,,8,12,39,67,146,3,6,7,4,5,0
Andy Murray,Denis Istomin,1,1,3,1,63,58,37,23,5,5,,,6,15,32,38,129,6,6,6,6,NA,69,55,31,20,4,2,,,2,4,19,37,114,7,1,4,4,NA,0
Stanislas Wawrinka,Tomas Berdych,1,1,3,1,58,55,42,27,14,6,,,6,11,11,15,127,3,6,7,6,NA,58,51,42,19,3,3,,,3,6,29,42,110,6,1,6,2,NA,0
Richard Gasquet,David Ferrer,1,1,3,2,59,57,41,31,6,3,,,6,14,30,45,142,6,6,4,2,6,63,53,37,29,5,3,,,4,15,38,53,137,3,1,6,6,3,0
Tommy Robredo,Rafael Nadal,1,0,0,3,52,20,48,9,3,4,,,0,0,7,15,43,0,2,2,NA,NA,61,31,39,14,2,0,,,7,10,15,16,82,6,6,6,NA,NA,0
Novak Djokovic,Mikhail Youzhny,1,1,3,1,68,49,32,19,5,1,,,7,12,27,39,115,6,6,3,6,NA,56,29,44,23,2,4,,,2,10,10,21,87,3,2,6,0,NA,0
Andy Murray,Stanislas Wawrinka,1,0,0,3,63,37,37,22,5,4,,,0,0,10,22,78,4,3,2,NA,NA,55,37,45,20,4,4,,,4,11,31,42,107,6,6,6,NA,NA,0
Novak Djokovic,Stanislas Wawrinka,1,1,3,2,67,64,33,25,9,6,,,4,19,29,40,165,2,7,3,6,6,50,68,50,48,8,7,,,5,9,26,41,165,6,6,6,3,4,0
Richard Gasquet,Rafael Nadal,1,0,0,3,64,41,36,15,6,4,,,1,6,24,35,84,4,6,2,NA,NA,71,51,29,16,3,1,,,4,4,22,28,102,6,7,6,NA,NA,0
Novak Djokovic,Rafael Nadal,1,0,1,3,68,40,32,16,6,2,,,3,11,22,36,102,2,6,4,1,NA,64,51,36,24,1,1,,,7,12,17,23,121,6,3,6,6,NA,0
S Williams,V Azarenka,7,1,2,1,57,44,43,20,9,5,36,35,12,7,13,4,,7,6,6,,,57,31,43,23,2,7,17,27,8,4,15,10,,5,7,1,,,1
F Pennetta,V Azarenka,6,0,0,2,44,12,56,7,1,3,19,23,6,5,20,12,,4,2,,,,56,21,44,10,0,6,15,25,13,8,30,20,,6,6,,,,1
S Williams,N Li,6,1,2,0,63,26,37,9,4,1,19,20,11,5,11,6,,6,6,,,,63,20,37,10,0,4,8,24,4,1,19,13,,0,3,,,,1
R Vinci,F Pennetta,5,0,0,2,60,21,40,7,0,3,14,28,5,2,34,18,,4,1,,,,63,23,37,8,3,3,23,17,12,6,14,7,,6,6,,,,1
D Hantuchova,V Azarenka,5,0,0,2,58,14,42,5,3,3,19,18,4,3,10,5,,2,3,,,,60,20,40,9,1,4,17,15,11,7,13,12,,6,6,,,,1
E Makarova,N Li,5,0,1,2,60,40,40,18,1,4,15,33,6,4,12,7,,4,7,2,,,68,43,32,14,5,8,44,42,14,7,23,17,,6,6,6,,,1
A Ivanovic,V Azarenka,4,0,1,2,55,26,45,18,3,8,41,42,13,7,20,8,,6,3,4,,,73,40,27,7,3,9,21,30,19,9,24,16,,4,6,6,,,1
A Riske,D Hantuchova,4,0,1,2,69,37,31,14,3,1,17,20,2,2,24,12,,3,7,2,,,60,38,40,19,15,2,46,22,7,4,16,12,,6,5,6,,,1
S Halep,F Pennetta,4,0,0,2,75,22,25,8,1,1,18,32,10,3,15,10,,2,6,,,,45,23,55,16,2,3,22,23,6,5,22,16,,6,7,,,,1
C Giorgi,R Vinci,4,0,0,2,54,18,46,11,2,7,20,35,1,1,16,7,,4,2,,,,54,19,46,15,6,0,12,9,8,4,5,4,,6,6,,,,1
S Williams,S Stephens,4,1,2,0,62,26,38,11,6,4,22,13,10,4,13,9,,6,6,,,,66,28,34,8,0,4,15,29,2,1,12,6,,4,1,,,,1
J Jankovic,N Li,4,0,0,2,66,8,34,3,0,4,7,22,3,2,6,3,,3,0,,,,58,17,42,8,3,2,20,12,7,7,12,10,,6,6,,,,1
C Suarez Navarro,A Kerber,4,1,2,1,78,54,22,9,2,1,45,47,19,7,21,14,,4,6,7,,,68,47,32,12,4,6,30,50,15,7,19,12,,6,3,6,,,1
A Ivanovic,C McHale,3,1,2,1,60,41,40,18,7,5,45,51,11,6,32,18,,4,7,6,,,64,39,36,14,2,3,22,28,10,5,9,7,,6,5,4,,,1
C Wozniack,C Giorgi,3,0,1,2,62,34,38,21,2,2,13,27,11,2,10,7,,6,4,3,,,63,47,37,22,3,4,46,45,9,3,34,27,,4,6,6,,,1
M Kirilenko,S Halep,3,0,0,2,54,9,46,5,1,5,3,24,1,0,8,3,,1,0,,,,81,23,19,3,3,1,13,8,7,6,5,4,,6,6,,,,1
A Cornet,V Azarenka,3,0,1,2,56,44,44,21,9,10,30,44,6,1,18,13,,7,3,2,,,68,48,32,17,2,6,24,38,18,4,30,19,,6,6,6,,,1
K Knapp,R Vinci,3,0,0,2,58,22,42,8,3,6,17,35,5,3,17,9,,4,3,,,,51,25,49,16,0,0,14,23,16,5,17,12,,6,6,,,,1
P Kvitova,A Riske,3,0,0,2,52,18,48,10,4,7,20,27,0,0,13,8,,3,0,,,,70,22,30,6,1,2,12,7,9,5,3,3,,6,6,,,,1
S Kuznetsova,F Pennetta,3,0,0,2,55,21,45,10,4,3,24,35,8,1,24,16,,5,1,,,,51,26,49,17,0,1,16,13,8,5,14,9,,7,6,,,,1
J Glushko,D Hantuchova,3,0,1,2,73,43,27,10,1,3,27,32,17,8,20,12,,6,5,6,,,61,41,39,21,1,4,32,58,11,7,35,27,,3,7,7,,,1
L Robson,N Li,3,0,0,2,52,16,48,16,0,5,7,30,2,1,5,3,,2,5,,,,65,29,35,10,11,6,23,21,7,4,9,9,,6,7,,,,1
J Hampton,S Stephens,3,0,0,2,55,14,45,6,0,1,12,34,7,2,17,11,,1,3,,,,70,25,30,8,2,2,12,15,9,6,8,5,,6,6,,,,1
S Williams,Y Shvedova,3,1,2,0,66,28,44,7,6,1,22,16,8,4,13,10,,6,6,,,,59,14,41,12,0,3,3,21,1,0,13,4,,3,1,,,,1
A.Radwanska,A Pavlyuchenkova,3,1,2,0,75,42,25,12,1,1,13,15,5,3,14,7,,6,7,,,,53,30,47,13,4,3,32,41,10,2,29,19,,4,6,,,,1
E Makarova,S Lisicki,3,1,2,0,61,36,39,15,6,3,24,20,8,3,15,11,,6,7,,,,56,28,44,12,7,3,25,30,6,1,11,9,,4,5,,,,1
J Zheng,C Suarez Navarro,3,0,0,2,75,27,25,6,0,4,13,33,3,2,13,8,,2,4,,,,79,30,21,5,0,2,13,23,11,5,9,7,,6,6,,,,1
J Jankovic,K Nara,3,1,2,0,52,31,48,12,3,5,20,23,9,6,28,14,,6,7,,,,81,30,19,5,0,2,28,27,7,5,26,19,,4,6,,,,1
K Kanepi,A Kerber,3,0,0,2,44,17,56,10,1,9,15,29,1,1,7,6,,0,4,,,,44,17,56,14,2,3,16,9,11,5,6,6,,6,6,,,,1
F Pennetta,S Errani,2,1,2,0,58,24,42,11,7,0,33,19,7,6,21,13,,6,6,,,,93,16,7,1,0,1,12,18,9,2,16,9,,3,1,,,,1
S Williams,G Voskoboeva,2,1,2,0,64,21,36,11,4,1,16,13,7,5,8,6,,6,6,,,,57,16,43,7,3,3,15,19,1,0,10,5,,3,0,,,,1
C Wozniacki,C Scheepers,2,1,2,0,76,22,34,6,0,1,14,11,9,6,9,9,,6,6,,,,55,12,45,5,0,0,11,27,4,2,18,10,,1,2,,,,1
E Bouchard,A Kerber,2,0,1,2,47,27,53,27,2,7,41,43,14,6,38,26,,4,6,3,,,68,34,32,14,2,3,28,27,18,7,22,15,,6,2,6,,,1
A Wozniak,V Azarenka,2,0,0,2,48,10,52,4,0,8,10,35,5,3,10,5,,3,1,,,,65,25,35,8,3,5,16,19,10,7,8,7,,6,6,,,,1
C McHale,E Svitolina,2,1,2,1,66,52,34,21,7,5,34,57,10,3,13,6,,6,3,7,,,59,44,41,20,5,2,27,47,19,2,19,14,,4,6,5,,,1
A Ivanovic,A Dulgheru,2,1,2,0,64,39,36,12,2,4,18,21,6,4,6,5,,6,6,,,,79,33,21,5,1,2,10,26,6,0,9,6,,2,1,,,,1
P Ormaechea,S Lisicki,2,0,0,2,41,9,59,15,0,4,2,16,6,1,7,1,,2,3,,,,42,24,58,15,8,6,33,25,6,4,16,7,,6,6,,,,1
A Cornet,A Tomljanovic,2,1,2,0,56,28,44,12,4,6,19,19,11,6,15,9,,6,6,,,,55,13,45,9,0,4,14,39,9,2,15,9,,2,2,,,,1
D Hantuchova,V Duval,2,1,2,0,46,14,54,18,2,2,10,18,12,5,5,5,,6,6,,,,74,21,26,6,0,4,14,27,2,2,7,5,,2,3,,,,1
K Nara,S Cirstea,2,1,2,0,80,25,20,8,0,0,12,18,10,6,5,4,,7,6,,,,58,19,42,6,2,2,14,35,4,3,9,5,,5,1,,,,1
A Riske,M Barthel,2,1,2,0,62,26,38,11,0,1,18,12,12,4,15,11,,6,6,,,,57,21,43,15,5,3,18,21,4,1,26,11,,4,2,,,,1
S Kuznetsova,S Peng,2,1,2,1,54,39,46,19,5,3,41,39,13,6,34,22,,6,4,6,,,71,44,29,14,0,1,22,30,7,3,20,15,,1,6,4,,,1
S Arvidsson,N Li,2,0,0,2,67,18,33,8,1,2,4,19,2,1,3,1,,2,2,,,,58,19,42,13,4,1,29,17,10,5,17,12,,6,6,,,,1
U Radwanska,S Stephens,2,0,0,2,67,10,33,7,0,1,5,15,0,0,10,6,,1,1,,,,67,20,33,8,2,0,24,11,10,5,16,14,,6,6,,,,1
V Williams,J Zheng,2,0,1,2,52,39,48,26,4,6,29,44,14,4,27,17,,3,6,6,,,74,49,26,15,1,3,18,31,13,4,16,11,,6,2,7,,,1
J Hampton,K Mladenovic,2,1,2,0,56,27,44,15,1,4,23,33,16,6,11,6,,7,6,,,,59,30,41,14,5,5,27,46,12,4,12,8,,5,4,,,,1
C Vandeweghe,C Suarez Navarro,2,0,0,2,47,14,53,10,2,5,18,37,2,2,9,7,,3,4,,,,82,27,18,7,0,0,6,14,6,4,2,2,,6,6,,,,1
L Robson,C Garcia,2,1,2,0,59,28,41,17,8,2,23,21,2,1,5,4,,6,7,,,,64,31,36,17,7,3,20,23,2,2,10,7,,4,6,,,,1
A Barty,A Pavlyuchenkova,2,0,0,2,52,13,48,10,3,2,3,2,0,0,,,,4,0,,,,55,21,45,11,4,2,4,2,5,4,,,,6,6,,,,1
P Kvitova,M Doi,1,1,2,1,73,47,27,11,3,4,29,29,11,5,16,13,,6,3,6,,,58,21,42,17,1,5,15,23,16,2,6,5,,2,6,1,,,1
C Wozniacki,Y Duan,1,1,2,0,69,28,31,12,2,3,11,11,14,6,1,1,,6,7,,,,65,24,35,8,0,4,34,46,10,3,9,8,,2,5,,,,1
D Pfizenmaier,V Azarenka,1,0,0,2,67,17,33,4,3,4,15,27,3,0,4,2,,0,0,,,,51,16,49,12,1,1,14,10,14,6,12,10,,6,6,,,,1
O Rogowska,S Errani,1,0,0,2,47,8,53,4,1,6,13,38,2,0,5,4,,0,0,,,,69,21,31,7,0,2,7,8,8,6,3,3,,6,6,,,,1
V Duval,S Stosur,1,1,2,1,63,49,37,19,0,7,23,35,13,6,20,10,,5,6,6,,,63,45,37,17,9,10,29,56,16,5,22,16,,7,4,4,,,1
A Ivanovic,A Tatishvili,1,1,2,0,62,17,48,11,2,2,16,17,9,7,7,4,,6,6,,,,63,13,47,4,0,5,8,22,5,2,5,3,,2,0,,,,1
J Goerges,C McHale,1,0,0,2,53,32,47,11,3,4,19,33,5,0,15,12,,4,3,,,,58,28,42,13,1,5,10,13,6,3,7,7,,6,6,,,,1
V Lepchenko,A Dulgheru,1,0,1,2,63,38,37,18,2,2,25,55,10,3,17,10,,7,2,6,,,64,51,36,19,0,10,26,42,9,5,19,14,,6,6,7,,,1
S Kuznetsova,M Burdette,1,1,2,0,63,26,37,12,5,1,15,23,11,4,5,4,,6,7,,,,68,27,32,15,0,3,15,33,1,1,9,5,,3,5,,,,1
B Jovanovski,A Petkovic,1,1,2,0,60,31,40,15,2,5,21,23,9,4,7,6,,6,6,,,,74,25,26,3,4,5,21,40,10,1,10,8,,2,4,,,,1
S Peng,Y Meusburger,1,1,2,0,54,18,46,16,3,0,35,30,14,5,27,18,,6,6,,,,73,24,27,9,0,4,12,17,5,3,11,7,,3,4,,,,1
A Cornet,M Koehler,1,1,2,0,53,19,47,18,0,4,8,20,7,4,6,5,,6,6,,,,45,21,55,13,1,8,13,47,4,1,3,3,,3,2,,,,1
H Watson,S Halep,1,0,1,2,54,29,46,16,1,8,23,60,8,5,15,12,,6,4,2,,,73,40,27,7,5,6,16,42,13,7,5,3,,4,6,6,,,1
K Flipkens,V Williams,1,0,0,2,46,15,54,7,1,6,16,19,8,1,16,13,,1,2,,,,52,24,48,12,1,5,21,20,12,6,22,15,,6,6,,,,1
A.Radwanska,S.Soler-Espinosa,1,1,2,0,72,26,28,6,3,0,21,13,8,5,,62,,6,6,,,,50,10,50,10,1,4,9,19,3,1,,34,,1,2,,,,1
S Williams,F Schiavone,1,1,2,0,51,13,49,12,1,0,13,8,9,6,8,6,,6,6,,,,43,8,57,5,0,8,3,18,0,0,6,3,,0,1,,,,1
O Govortsova,N Li,1,0,0,2,68,22,42,6,3,4,11,17,0,0,6,3,,2,2,,,,62,19,48,13,6,1,28,13,10,4,13,9,,6,6,,,,1
M Minella,S Stephens,1,0,1,2,65,43,35,18,1,2,15,37,15,4,18,10,,6,3,6,,,58,48,42,26,6,6,38,55,9,4,19,13,,4,6,7,,,1
J Jankovic,M Keys,1,1,2,0,64,28,36,14,1,2,8,21,3,2,15,9,,6,6,,,,58,19,42,13,4,1,15,32,2,0,13,6,,3,4,,,,1
L Robson,L Dominguez Lino,1,1,2,0,57,27,43,7,6,8,33,30,14,7,19,10,,7,6,,,,60,20,40,8,4,5,10,21,9,3,5,4,,5,0,,,,1
J Hampton,L Arruabarrena,1,1,2,0,61,27,39,13,3,3,28,32,7,4,25,20,,6,6,,,,52,16,48,12,1,4,7,18,6,1,8,4,,4,2,,,,1
V Dushevina,S Lisicki,1,0,0,2,54,21,46,14,1,5,11,29,7,3,12,6,,2,6,,,,43,22,57,22,5,6,30,30,12,5,12,8,,6,7,,,,1
P Ormaechea,K Date-Krumm,1,1,2,0,59,32,41,10,2,5,24,35,13,6,8,5,,6,7,,,,69,28,31,6,0,3,14,43,9,4,14,9,,3,6,,,,1
K Pliskova,E Bouchard,1,0,1,2,53,48,47,21,6,4,35,51,7,2,23,16,,6,4,5,,,72,45,28,16,5,2,26,29,13,3,13,10,,4,6,7,,,1
L Hradecka,A Kerber,1,0,0,2,49,17,51,4,3,7,20,31,0,0,6,4,,1,1,,,,50,16,50,14,0,1,11,6,8,5,6,5,,6,6,,,,1
L Davis,C Suarez Navarro,1,0,0,2,63,12,37,3,0,4,6,26,2,0,4,0,,0,0,,,,78,21,22,4,1,1,9,12,12,6,10,8,,6,6,,,,1
K Mladenovic,A Medina Garrigues,1,1,2,1,51,29,49,15,8,1,49,41,25,7,30,19,,6,1,6,,,61,32,39,11,1,2,21,29,13,4,14,7,,1,6,1,,,1
